HW Serial number;CPU Resources;Memory Resources;Provisioned Storage [MB];","
DEH451561F;2;6144;0;","
CZC7210W85;2;3325;0;","
0510AN00D7;2;8192;0;","
689042;1;1024;30720;","
DEH451561E;2;6144;1490944;","
99E0417;2;2176;35885;","
689031;4;2048;69976;","
689041;2;4096;204800;","
8945CJP30208;4;0;10663;","
CZJ72005400;2;2045;0;","
DEH480248R;2;4096;2168832;","
0806NNN05R;8;1024;0;","
DEH451561H;2;6144;216064;","
06T8068;16;32768;1964065;","
06D3963;1;2048;74770;","
06D3963;1;2048;74770;","
KDZRRTD;2;2048;0;","
KDWYYZY;2;4096;32742;","
KDZRRRY;2;2048;0;","
99C7996;2;8192;139220;","
99C8011;2;8192;139220;","
99C7998;2;8192;139220;","
99C8006;2;8192;139220;","
99C8002;2;8192;139220;","
99C8013;2;8192;139220;","
689031;1;3072;102413;","
06T8068;8;16384;479208;","
99A4686;4;8192;153600;","
689042;1;1024;76342;","
99A4690;8;25600;3613696;","
99A4688;16;25600;0;","
99D6445;16;69632;80896;","
99D6448;16;69632;0;","
PX60919018;8;16384;715776;","
PX60919019;4;32768;735232;","
BEL0922A4X;4;4096;0;","
BEL0922ABH;4;4096;0;","
BEL0922A9J;4;4096;0;","
0911ALE859;6;4096;0;","
0911ALE858;6;8192;0;","
99A4739;8;52224;2531328;","
689040;1;2048;73728;","
06D3963;1;2048;73728;","
0926ALF2C6;4;4096;0;","
0919BD028C;4;12288;0;","
0926ALF2A3;4;4096;0;","
0926ALF2A5;4;12288;0;","
PX60915168;4;4096;0;","
BEL0922A88;4;4096;0;","
0911ALE859;6;8192;0;","
0911ALE858;6;8192;0;","
0926ALF2A5;4;4096;0;","
99A5486;8;30720;279596;","
BEL0922A88;4;4096;0;","
06D3994;2;2048;30743;","
689031;2;2304;61554;","
689031;2;2048;47228;","
99E2201;8;52224;29588480;","
99E0612;8;52224;31589376;","
99E2122;8;52224;31777792;","
99E2109;8;52224;29870080;","
99A4784;8;17408;10338304;","
99E2125;2;17408;0;","
0725TL11B6;1;4096;0;","
0724TL40JW;1;2048;0;","
6582AFB;4;4096;0;","
6582AEB;4;4096;0;","
06D3963;2;4096;92160;","
KD55H2N;2;12288;139231;","
KD55B4W;2;8192;139231;","
646575;3;16384;102400;","
689038;2;20480;92160;","
689042;4;4096;174080;","
06D3994;4;4096;174080;","
06D3963;4;4096;174080;","
06M4100;4;4096;174080;","
06D3994;2;8192;92160;","
689042;2;8192;92160;","
CZ25390H5F;1;3072;51191;","
CZ25390H5J;1;3072;51191;","
KD68C32;2;8192;139233;","
KD68C55;2;8192;139233;","
689041;4;16384;266240;","
06M4100;4;16384;199680;","
99E0417;1;3072;112652;","
KD55H2B;2;8192;139233;","
KD55C2Z;2;8192;139231;","
99G5639;8;8192;0;","
99G4184;8;52224;2392064;","
99G4190;8;52224;0;","
KD28VGH;2;8192;139231;","
06X6492;12;12244;397285;","
06M4100;12;12244;397285;","
06T8148;16;131072;139237;","
06V0102;16;131072;139237;","
06M4091;8;65536;139237;","
06V0102;8;65536;139237;","
0806NNN059;1;8192;0;","
689032;8;34816;2392064;","
06XBZ97;2;8192;139231;","
689042;4;16384;256000;","
CZ25390H5C;1;1024;71925;","
06X6492;1;1024;30720;","
646576;1;3072;81920;","
99E0417;1;3072;81920;","
99C8001;2;8192;1158144;","
99C8022;2;8192;1158144;","
06D3961;1;4096;51200;","
689038;1;4096;112640;","
06DD1DP;4;8192;0;","
06DD1DP;4;8192;0;","
689038;4;8192;71680;","
KD55H2A;2;12288;0;","
06ZDFG4;4;8192;139982;","
06ZDFG4;4;8192;139982;","
689040;4;4096;471040;","
06D3961;4;4096;471040;","
99E0417;2;4096;942080;","
06D3994;2;8192;163840;","
06D3963;8;8192;102400;","
689040;4;8192;97280;","
99E0417;2;3072;61440;","
99E0417;2;3072;61440;","
06D3963;2;3072;35840;","
06BK231;2;3072;87040;","
689034;16;24576;1971200;","
06ZDFG5;2;4096;716800;","
99E0417;2;4096;102400;","
06D3994;4;16384;163840;","
689041;4;8192;122880;","
06ZDFG2;10;32768;2231296;","
689041;8;16384;102400;","
06ZDFG0;10;32768;1792000;","
06T8142;8;8192;256000;","
06T8142;8;8192;256000;","
06T8142;8;8192;256000;","
689027;8;8192;256000;","
06D3961;4;4096;168960;","
689040;4;4096;220160;","
646575;10;28672;2493440;","
99E0417;4;8192;266240;","
06X6492;8;16384;266240;","
06D3994;8;16384;163840;","
CZ3328JM6T;32;256;9715712;","
CZ32430J3N;2;16384;801792;","
CZ32430J3N;2;16384;3738624;","
CZ32430J3N;2;16384;1088512;","
CZ32430J3N;1;12288;610304;","
CZ32430J3N;2;32768;2791424;","
CZ32430J3N;1;15360;835584;","
;1;16384;481280;","
;2;16384;563200;","
;1;2048;860160;","
;1;12288;245760;","
;1;8192;378880;","
;2;8192;1019904;","
06ZDPZ6;8;36864;1101127;","
646575;4;8064;238417;","
06D3963;4;8192;102400;","
99C8210;16;8192;0;","
06ZDFG4;4;8148;139237;","
;1;3072;221184;","
;1;14336;2367488;","
;1;2048;5322752;","
;1;2048;102400;","
06X6492;8;2048;69976;","
CZJ450098Z;1;2048;81908;","
CZJ450098Z;1;2048;82936;","
CZJ4500995;1;3072;174065;","
CZJ4500995;1;3072;102390;","
CZJ4500995;1;3072;102390;","
CZJ4500995;1;3072;103418;","
CZJ450099C;12;55296;4696064;","
CZJ4500990;6;12288;1619968;","
06X6492;8;16384;3021826;","
CZJ4500996;8;20480;6922240;","
CZJ2390PR5;6;12288;1282053;","
CZJ2511H1J;2;4096;1782784;","
CZ34122RM2;4;8192;3211264;","
FCH213976C4;4;8192;3759104;","
CZJ2511H1R;4;8192;3655680;","
CZJ450099D;4;14336;2227200;","
CZ34122RLM;8;24576;2309120;","
CZJ4500997;4;18432;1751040;","
CZJ450098Z;2;4096;1352704;","
CZ34122RLP;4;8192;455680;","
06ZDFG3;8;8192;564187;","
CZ34122RM6;4;12288;7286784;","
CZ23510BG3;8;16384;728064;","
CZ3328JVJB;12;32768;3783680;","
CZJ2511H15;12;32768;3804160;","
CZJ2511H1Q;8;12288;1557509;","
CZJ2511H12;4;8192;3665920;","
CZ3325HKC5;2;6144;4843520;","
CZJ2511H1P;2;4096;4843520;","
CZ25390H5D;12;40960;7112704;","
CZ3328JVJF;4;16384;9763840;","
CZ3325HKC5;2;26624;8004615;","
CZ34122RLV;4;8192;7299072;","
FCH21377JS2;2;4096;266240;","
FCH213973ZK;2;4096;266240;","
FCH21377JS2;4;8192;404480;","
FCH21377JS2;2;2048;143360;","
FCH213973ZK;2;4096;66560;","
FCH21377JS2;1;1536;87040;","
FCH21377JS2;8;16384;393216;","
FCH21377JS2;8;36864;235520;","
FCH21377JS2;4;36864;296960;","
FCH21377JS2;6;24576;287744;","
FCH21377JS2;6;24576;287744;","
FCH213973ZK;2;4096;233472;","
FCH21377JS2;2;4096;122880;","
FCH21377JS2;4;8192;268288;","
FCH21377JS2;8;8192;335872;","
FCH21377JS2;1;4096;92160;","
FCH21377JS2;1;4096;143360;","
FCH21377JS2;2;8192;122880;","
FCH21377JS2;4;16384;225280;","
FCH213973ZK;2;6144;184320;","
FCH21377JS2;2;4096;163840;","
FCH213973ZK;2;4096;112640;","
FCH21377JS2;8;16384;81920;","
FCH21377JS2;2;4096;143360;","
FCH213973ZK;2;4096;143360;","
FCH21377JS2;6;8192;317440;","
FCH21377JS2;8;8192;317440;","
FCH21377JS2;4;8192;184320;","
FCH21377JS2;4;8192;184320;","
FCH21377JS2;4;8192;184320;","
CZ23510BG3;1;8192;70868;","
CZ3328JVHY;8;32768;71068;","
CZJ2511H0V;4;8192;131072;","
CZJ35106CC;1;2048;131072;","
CZJ2511H1K;2;4096;143360;","
CZ34122RM6;2;10240;152576;","
CZ34122RM8;2;32768;152576;","
CZ3325HKC1;1;32768;152576;","
CZ34122RME;2;32768;152576;","
CZ3328JVHT;1;32768;152576;","
CZ34122RLP;2;10240;153600;","
CZ3328JVJF;5;47104;153600;","
CZ3325HKC5;5;47104;159744;","
CZ34122RME;1;6144;174080;","
CZ3328JVJF;8;54272;179200;","
CZ3325HKC1;8;54272;179200;","
CZ3325HKC1;8;54272;179200;","
CZ34122RMP;10;40960;179200;","
CZ3325HKBW;10;40960;179200;","
CZ3328JVJF;8;54272;189440;","
CZ3328JVJF;3;36864;215040;","
CZ3328JVJ3;3;104448;217088;","
CZ34122RM6;2;4096;225280;","
CZ3325HKC5;4;40960;225280;","
CZJ35106CC;3;24576;225280;","
CZJ2511H1F;2;4096;225286;","
CZ3325HKC5;4;30720;241664;","
CZJ2511H1G;2;30720;241664;","
CZ3328JVJ3;8;16384;245760;","
CZ34122RMK;2;4096;245760;","
CZ3328JVJ7;8;32768;253952;","
CZ3328JVJ3;8;32768;253952;","
CZ3328JVJ3;8;57344;317440;","
CZ3325HKC1;8;57344;317440;","
CZ3325HKC5;8;57344;317440;","
CZ3328JVHT;8;57344;317440;","
CZJ2511H12;2;16384;317440;","
CZ3325HKC5;8;16384;344064;","
CZJ2511H1G;3;10240;345088;","
FCH213976U1;21;104448;395264;","
FCH213973ZK;15;104448;401408;","
CZ34122RMS;2;4096;409600;","
CZJ2511H1K;1;2048;409600;","
CZJ2390PR9;4;32768;469084;","
CZJ2390PR5;4;32768;517600;","
FCH21377JS2;15;104448;534528;","
CZJ4500997;2;8192;661504;","
CZ23510BG3;4;16384;671744;","
CZ3328JVJ7;8;32768;1264640;","
CZJ2390PR5;6;12288;1579008;","
CZ3325HKC5;4;16384;1606656;","
CZ3328JVJ3;4;16384;1606656;","
CZ3325HKBW;4;16384;1606656;","
CZ3325HKC5;8;32768;1961984;","
CZJ4500990;8;16384;4043776;","
CZ3325HKC5;12;32768;8321024;","
CZJ2511H1B;16;36864;8598528;","
CZJ2511H1J;12;32768;8386355;","
CZ3328JVJ7;16;36864;8665333;","
CZ3328JVJF;16;36864;8680448;","
FCH21367NN2;12;79872;15118336;","
CZ3328JVJF;8;16384;15008768;","
CZ34122RM4;1;4096;262144;","
CZJ2511H1Q;1;1024;262144;","
CZ34122RM2;1;1024;262144;","
CZ25390H5F;6;16384;245760;","
CZ25390H5G;2;4096;122880;","
CZ25390H5D;2;4096;153600;","
CZ25390H5G;1;2048;133120;","
CZ34122RM2;4;12288;184320;","
CZ34122RLP;4;12288;40960;","
CZJ2511H1F;4;12288;40960;","
CZ34122RMM;4;12288;40960;","
CZJ2511H1Q;4;12288;40960;","
CZJ4500992;4;12288;40960;","
CZJ2390PR9;4;12288;40960;","
CZ34122RMM;2;16384;129024;","
CZJ2511H14;2;16384;129024;","
CZJ4500993;4;16384;661504;","
CZJ2511H1K;4;16384;661504;","
CZJ4500994;2;16384;17632456;","
CZJ2390PR2;2;16384;17632456;","
CZJ4500993;4;16384;129024;","
CZJ2511H1J;4;16384;129024;","
CZ34122RMV;2;8192;204800;","
CZ34122RMK;4;13312;81920;","
CZ34122RMA;2;5120;112640;","
CZ34122RMH;8;4096;81920;","
CZJ450098W;6;16384;1029120;","
CZ34122RMC;2;4096;10470;","
CZJ450099G;6;16384;15360;","
CZ34122RMC;2;4096;10470;","
CZJ2511H1R;4;4096;1035;","
CZ25390H5K;4;4096;1035;","
CZJ4500995;4;4096;1035;","
CZ34122RLH;16;32768;531483;","
CZJ2511H1R;6;24576;271360;","
CZJ4500994;6;24576;271360;","
CZ25390H5M;4;8192;122880;","
CZ34122RMV;4;16384;204800;","
CZJ2511H1G;4;16384;204800;","
CZ34122RMP;4;12288;307200;","
SYM0700423;8;131072;0;","
SYM0500373;8;131072;0;","
SYM0700422;8;131072;0;","
SYM1101951;8;131072;0;","
;36;516457;0;","
;36;516457;0;","
;18;516457;0;","
;18;516457;0;","
FCH21377H1A;2;4096;12288;","
FCH21377H1A;4;32768;128000;","
FCH21377H1A;2;4096;12288;","
FCH21377H1A;2;512;12288;","
CZ3451KPN3;2;512;12288;","
FCH21377H1A;4;12288;463232;","
FCH21377H1A;4;16384;280576;","
CZ25390H5J;2;4096;12288;","
CZJ4500995;2;4096;12288;","
CZJ2511H1R;2;8192;93208;","
CZ25390H5J;4;8192;149504;","
CZ34122RLV;8;12288;149504;","
CZJ4500993;2;8192;131072;","
CZ34122RM4;8;8192;81920;","
H849NP1350;4;12288;128000;","
FCH21377H1A;4;8192;128000;","
H849NP1350;2;8192;128000;","
CZJ2511H12;8;16384;81920;","
CZJ2390PR9;2;2048;92160;","
H849NP1350;2;4096;12288;","
FCH21377H1A;2;2048;260096;","
646575;4;2048;51222;","
CZ34122RMS;2;2048;143355;","
;1;6144;317440;","
CZJ35106CC;2;2048;81920;","
CZJ2511H1L;2;2048;122880;","
CZJ35106CB;4;8192;51200;","
CZ34122RMC;6;24576;307200;","
CZ34122RM4;2;2048;81920;","
CZJ4500994;2;2048;122880;","
06BK231;2;504;76321;","
CZ34122RMK;2;2040;76322;","
CZ34122RLV;2;3072;122880;","
CZ34122RMC;1;872;19030;","
;1;6144;3630080;","
CZ34122RME;16;262109;224;","
CZJ2511H1R;12;196573;224;","
CZ34122RM6;16;262109;224;","
CZJ2511H14;12;196573;224;","
CZ34122RMS;16;262109;224;","
CZJ2511H1J;12;196573;224;","
CZ34122RM8;16;262109;224;","
CZJ2511H1N;12;196573;224;","
CZ34122RMA;16;262109;224;","
CZJ2511H12;12;196573;224;","
CZ34122RMX;16;262109;224;","
CZJ2511H1L;12;196573;224;","
CZ34122RMH;16;262109;224;","
CZJ2511H1K ;12;163805;224;","
CZ34122RMK;16;262109;224;","
CZJ35106CC;12;196573;224;","
CZ34122RM0;16;262109;224;","
CZJ2390PR5;12;196573;224;","
CZ34122RLX;16;262109;224;","
CZJ35106CB ;12;196573;224;","
CZ34122RMM;16;262109;224;","
CZJ35106CF;12;196573;224;","
CZ34122RLS;16;262109;224;","
CEINTIP01S3;12;196573;224;","
CZ34122RLK;16;262109;224;","
CZJ2511H1F;12;196573;224;","
CZ34122RM2;16;262109;224;","
CZJ2511H1G ;12;196573;224;","
CZ34122RLP;16;262109;224;","
CZJ2511H15;12;196573;224;","
CZ34122RM4;16;262109;224;","
CZJ2511H0V;12;196573;224;","
CZ34122RLH;16;262109;224;","
CZJ2511H1B;12;196573;224;","
CZ34122RMC;16;262109;224;","
CZJ2390PRB;12;180189;224;","
CZ34122RLV;16;262109;224;","
CZJ2511H10;12;196573;224;","
CZ34122RLM;16;262109;224;","
CZJ2511H1Q;12;196573;224;","
CZ34122RMP;16;262109;224;","
CZJ2511H1P;12;196573;224;","
CZ34122RMV;16;262109;224;","
CZJ2390PR2;12;196573;224;","
CZJ4500997;16;262109;224;","
CZJ450098Y;16;262109;224;","
CZJ450099C;16;262109;224;","
CZJ4500990;16;262109;224;","
CZJ450099D;16;262109;224;","
CZJ450098W;16;262109;224;","
CZJ4500994;16;262109;224;","
CZJ4500992;16;262109;224;","
CZJ4500993;16;262109;224;","
CZJ4500999;16;262109;224;","
CZJ4500996;16;262109;224;","
CZ32025YP3;12;196597;224;","
CZ32025YNF;12;196597;224;","
CZ36505L2X;16;261885;224;","
CZ36505L48;16;261885;224;","
CZ36505L3X;16;261885;224;","
CZ36505L4K;16;261885;224;","
CZ36505L3K;16;261885;224;","
CZ36505L38;16;261885;224;","
CZ3328JVJ7;32;1048541;224;","
CZ3325HKC1;32;1048541;224;","
CZ3328JVHY;32;1048541;224;","
CZ3328JVHT;32;1048541;224;","
CZ3328JVJF;32;1048541;224;","
CZ3325HKBW;32;1048541;224;","
CZ3328JVJB;32;1048541;224;","
CZ3325HKC5;32;1048541;224;","
ZC3451KPMS;20;262109;224;","
H849NP1350;20;262109;224;","
CZ3451KPN3;20;262109;224;","
CZ25390H5G;2;4096;76800;","
06ZDFG4;4;4096;254211;","
CZ25390H5K;2;4096;84992;","
;1;16384;179200;","
;1;1536;118784;","
;1;2048;159744;","
06D3963;1;2048;184320;","
689027;4;4096;323584;","
J32ZRHV;16;257766;2437120;","
S40E4BL;16;257499;2211840;","
J32ZRHW;16;257499;227328;","
06T8142;4;16384;105472;","
06T8068;2;8192;123904;","
689027;8;8192;212992;","
689027;8;8192;212992;","
CZ34122RLV;2;16384;256000;","
CZJ2511H1J;2;4096;102400;","
CZ25390H5G;2;12288;133222;","
06X6492;4;3328;563064;","
;2;4096;0;","
;1;4096;1249280;","
;1;12288;327680;","
;4;24576;27000832;","
;4;24576;44871680;","
;4;49152;5376000;","
;2;8192;279552;","
;2;8192;279552;","
06X6492;1;2048;17418;","
646575;1;3840;17418;","
646575;1;2048;17418;","
;4;20480;407552;","
;2;4096;0;","
;2;4096;0;","
06T8139;4;8192;796998;","
;1;6144;1027072;","
;3;16384;4252672;","
;1;4096;914432;","
CZJ2511H1B;2;4096;102400;","
CZJ35106CC;1;1024;40946;","
;2;16384;1284096;","
06BK231;4;4096;112646;","
06M4091;4;4096;71686;","
CZJ2511H1G;2;3584;139996;","
CZJ2511H1F;4;6144;139980;","
06M4091;4;8192;139980;","
646575;4;8192;344783;","
CZJ2511H1B;4;4032;284377;","
06ZDFG0;16;40960;4560122;","
689038;8;16384;1461183;","
CZJ35106CB;1;1024;40946;","
06D3961;4;1024;105214;","
06M4100;4;1024;34729;","
689031;2;1024;34729;","
CZJ2511H1F;1;1024;40946;","
06X6492;4;3328;69986;","
646575;4;3328;69986;","
CZJ2511H0V;1;1024;98287;","
689027;4;4096;131072;","
06ZDFG4;8;8180;139237;","
06D3994;4;2048;81431;","
06D3963;4;2048;81442;","
06M4091;1;2048;51222;","
CZJ2511H1R;2;4096;153630;","
06T8068;8;4096;183250;","
06ZDFG5;16;40944;545769;","
06ZDPZ6;16;16368;582631;","
CZJ2511H10;1;1024;20469;","
689034;4;2048;275386;","
06ZDFG3;16;16384;554959;","
06T8068;16;4096;493533;","
06ZDFG5;24;16340;2412733;","
06T8068;4;10240;991232;","
CZ3325HKBW;12;32768;1675231;","
CZJ2511H1Q;4;4096;1163234;","
06T8142;1;2048;81921;","
CZJ2511H1G;1;2048;82553;","
CZ25390H5D;4;12288;285013;","
06ZDFG4;16;8192;456681;","
06V0102;1;4096;184345;","
99E0417;2;8148;139237;","
06X6492;12;8148;221158;","
06M4100;12;8148;221158;","
689041;12;8148;221158;","
689041;12;8148;221158;","
06D3961;12;8148;221158;","
06D3963;12;8148;221158;","
06ZDFG4;4;8148;200677;","
689038;4;8148;200677;","
06T8139;8;8192;200677;","
06T8142;8;8148;200679;","
06D3961;1;2048;46108;","
06M4091;1;6144;122880;","
646575;8;24576;178695;","
689034;8;24576;178695;","
06ZDFG4;4;8192;133123;","
689042;4;8192;147974;","
CZ34122RM2;2;4096;139250;","
CZJ35106CB;2;6144;108994;","
CZJ35106CB;2;4096;153630;","
06T8142;4;3808;243020;","
CZJ2511H15;1;1024;71727;","
06D3994;4;4096;140018;","
CZJ2511H1Q;1;1024;81918;","
06D3963;4;3584;427886;","
CZJ2390PR9;1;1024;46125;","
689040;4;4096;69468;","
06M4100;12;8148;139226;","
06D3994;2;8192;624640;","
06D3963;2;1024;79713;","
06M4100;2;1024;79713;","
06T8142;1;2048;36883;","
06T8139;1;2048;36864;","
06X6492;16;16384;855916;","
06T8139;1;4096;122898;","
06T8068;4;5120;396410;","
06ZDFG3;4;5888;1255437;","
06T8068;4;8192;1349652;","
06T8068;8;12288;4467046;","
06T8068;6;8192;880998;","
CZJ2511H1B;2;2048;46069;","
06T8139;1;2048;40960;","
CZJ2511H1Q;1;2048;71672;","
06D3961;1;2048;71672;","
689042;1;2048;71672;","
06ZDFG4;2;1024;41903;","
06M4100;8;16384;281609;","
99E0417;4;8192;139880;","
06ZDFG3;16;16384;240553;","
06D3963;8;4096;53265;","
689040;4;2048;162732;","
CZ34122RLK;4;8192;528358;","
CZJ2390PR5;2;1280;86817;","
CZJ2511H1P;2;1280;52089;","
06M4091;1;2048;174348;","
CZ23510BG3;1;2048;51334;","
CZ23510BG3;1;2048;82057;","
CZ34122RMK;2;2048;112643;","
CZJ2511H1N;1;2048;112744;","
CZJ2511H15;2;2048;63775;","
CZJ2511H0V;4;8192;439194;","
CZ3328JVJB;6;16384;1691648;","
CZJ35106CB;2;2048;148006;","
CZJ2390PR2;4;4096;204800;","
06M4091;2;3904;292867;","
06M4100;1;1024;40960;","
06T8139;2;3072;81920;","
CZJ2511H1L;1;2048;85216;","
689042;4;8192;81929;","
06ZDFG4;4;8192;81929;","
06D3994;4;8192;81929;","
689031;4;8192;81929;","
CZ3328JVJ3;2;10240;68936;","
CZJ35106CC;1;1536;18425;","
689038;8;2048;102406;","
06M4100;4;4096;139870;","
CZJ2390PR9;1;2048;163973;","
CZJ2390PR9;1;1024;40945;","
06D3963;4;6144;80210;","
CZ34122RMH;2;4096;102400;","
689042;6;8148;139237;","
06T8139;1;2048;40960;","
06ZDFG4;8;4096;139886;","
689042;1;512;112660;","
99E0417;4;8148;431077;","
06ZDPZ6;2;3324;139996;","
06ZDPZ6;4;6144;102430;","
06ZDFG5;4;6144;102430;","
06ZDPZ6;4;6144;102430;","
CZ34122RM0;2;2048;2156544;","
646575;2;4096;1105920;","
;16;131072;0;","
689042;4;8192;69986;","
06D3963;4;4096;80230;","
06D3961;8;8192;139893;","
06V0102;4;8192;80214;","
06T8068;4;8192;80230;","
06T8142;2;2048;30720;","
06D3963;1;1024;20489;","
06ZDFG2;8;4096;1036272;","
06T8139;1;2048;30733;","
99E0417;16;131070;8388608;","
CZJ2511H1Q;2;2048;40978;","
CZ3328JVHY;2;1024;36864;","
CZJ2511H1F;2;1024;36864;","
CZ3328JVJ7;2;1024;36864;","
CZ34122RM0;1;512;20506;","
CZJ2511H15;1;512;20506;","
06M4091;1;4096;123904;","
CZJ4500999;8;8192;1438722;","
CZJ450098Y;4;4096;3572456;","
06T8142;1;3072;92160;","
06D3961;2;8192;71680;","
CZ34122RLX;1;4096;102400;","
CZ34122RM0;2;2048;102400;","
CZJ2511H1P;1;1024;92145;","
689040;4;4096;139893;","
06ZDFG4;8;8192;139893;","
06D3963;1;1024;136207;","
689031;1;1024;136207;","
06T8142;1;2048;92160;","
CZ34122RME;2;2048;204802;","
689038;2;1024;14336;","
06T8142;1;2048;14354;","
CZJ2511H1G;1;768;95235;","
CZJ2511H1B;1;768;11258;","
689038;4;2048;61446;","
CZJ35106CB;2;2048;81823;","
06ZDFG5;4;3584;233662;","
06T8142;1;2048;51237;","
CZJ2511H1N;1;1024;38187;","
CZJ2390PR9;1;4096;102431;","
CZJ2511H12;1;3072;35840;","
CZ25390H5M;2;6144;61440;","
CZ25390H5G;2;6144;61440;","
CZ25390H5G;4;12288;364544;","
CZ25390H5G;2;8192;424960;","
CZ25390H5M;2;6144;61440;","
CZ25390H5K;2;6144;61440;","
CZ25390H5K;1;3072;40960;","
CZ25390H5M;1;4096;102400;","
FCH21367NN2;1;3072;35840;","
06V0102;4;8192;122880;","
CZJ2511H1N;1;1024;57342;","
CZJ2511H1L;1;1024;46069;","
CZJ2511H1P;2;1280;26036;","
06ZDFG3;4;3584;137724;","
06T8068;1;4096;57880;","
CZJ450098W;1;2048;122880;","
689031;1;1024;35863;","
CZ34122RLK;2;4096;92160;","
CZ3328JVJ3;1;4096;163871;","
CZJ2511H1R;2;3096;81909;","
06D3994;4;8192;484187;","
689034;8;16372;139237;","
06T8068;8;8184;177153;","
689031;4;8192;71473;","
06V0102;8;24568;190465;","
06X6492;4;8192;69974;","
06T8139;1;2048;40978;","
CZ3328JVJF;8;8192;139226;","
CZ3325HKC5;8;8184;139226;","
CZ3328JVJF;8;8184;139226;","
06M4100;1;2048;81920;","
CZ25390H5D;8;8184;139226;","
CZJ2511H1G;1;2048;81909;","
06M4100;4;8184;139226;","
689038;8;8184;139226;","
CZJ2511H1J;1;1024;51191;","
CZJ2511H1K;1;1024;25592;","
CZJ2511H10;1;1024;81926;","
06T8139;4;8192;97280;","
CZJ2390PR9;1;1024;51192;","
06T8139;1;2048;46080;","
06D3994;4;16384;2735212;","
06ZDFG4;1;1024;40960;","
CZJ2511H1L;1;2048;43007;","
CZ3328JVHT;2;1024;71812;","
CZJ2511H1Q;1;1024;35840;","
CZJ2511H1L;1;512;16378;","
CZJ2511H1L;1;2048;84004;","
CZJ450099D;4;4096;2201616;","
CZJ35106CF;4;3072;139886;","
06D3963;8;32768;139980;","
06ZDFG4;2;6080;61467;","
06ZDFG4;8;6144;84082;","
06M4100;4;4096;419952;","
06T8142;2;4096;256000;","
CZ34122RMA;1;2048;163840;","
CZJ2511H15;2;1024;40957;","
689031;4;4096;69903;","
689040;4;2048;92163;","
06M4100;4;2048;102406;","
689040;4;2048;92170;","
06M4100;4;2048;92170;","
689042;4;4096;92170;","
06X6492;4;2048;92170;","
06D3963;4;2048;92163;","
689038;4;2048;107526;","
689040;4;4096;139894;","
06X6492;2;2048;32777;","
06D3961;4;4096;139780;","
06M4091;2;4096;2086912;","
CZ34122RLV;4;8148;154121;","
CZ34122RM4;4;8148;154121;","
CZJ2511H1F;4;8192;122880;","
CZJ2511H1J;4;8192;122880;","
CZ34122RMH;1;2048;102400;","
CZ34122RME;1;2048;102400;","
CZJ2511H1R;1;4096;122880;","
CZJ2511H1N;1;4096;122880;","
06D3963;1;1024;36883;","
06M4091;1;2048;24598;","
06T8068;4;8192;81940;","
06M4100;4;8128;87055;","
06D3961;4;8128;87055;","
689042;4;3072;100954;","
06ZDFG4;4;8128;87055;","
689038;4;8128;87055;","
689031;4;4032;107559;","
689040;4;4096;107559;","
06X6492;4;6144;92185;","
689040;2;6144;92183;","
689042;4;2048;69986;","
06D3963;4;2048;69986;","
689041;16;32768;344037;","
689031;16;32768;344037;","
06ZDFG4;16;16384;99329;","
689034;16;16384;196618;","
689041;16;32768;344037;","
06X6492;16;32768;344037;","
689042;16;16384;344037;","
06ZDFG4;16;16384;344037;","
06D3994;4;2048;47204;","
06V0102;4;3072;34718;","
CZ34122RLK;1;1536;122880;","
CZ34122RM4;1;1536;122880;","
;4;2048;102400;","
;2;8192;419840;","
;2;16384;522240;","
;2;8192;450560;","
;4;16384;1979392;","
;4;16384;1979392;","
;2;16384;512000;","
;2;8192;225280;","
;1;8192;299008;","
;3;32768;2514944;","
;1;4096;955392;","
;4;4096;1036288;","
;2;22528;1454080;","
;2;22528;1454080;","
;1;8192;462848;","
;1;9216;462848;","
;1;6144;421888;","
;2;32768;1954816;","
;2;32768;1954816;","
;1;12288;606208;","
;1;8192;1013760;","
;4;16384;102400;","
;8;16384;1918976;","
;1;8192;102400;","
;4;12288;1077248;","
;4;8192;450560;","
;1;6144;227328;","
;1;4096;348160;","
;2;8192;204800;","
;2;16384;233472;","
;2;8192;188416;","
;1;6144;483328;","
;2;32768;2761728;","
;2;32768;2761728;","
;1;8192;880640;","
;4;8192;262144;","
;1;8192;262144;","
;1;6144;1039360;","
;2;8192;196608;","
;1;4096;839680;","
;1;4096;839680;","
;1;4096;0;","
;1;4096;0;","
CZ34122RMC;2;4096;194560;","
CZ34122RMS;1;12288;217088;","
CZ3328JVJB;8;16384;344064;","
CZJ2511H1R;8;16384;344064;","
CZ3328JVJ3;4;14336;391168;","
CZJ2390PR2;2;8192;237568;","
CZJ2390PR5;1;2048;135010;","
CZJ4500992;4;8192;583680;","
CZ34122RMK;2;4096;358400;","
CZ34122RLM;6;12288;5184512;","
CZ3325HKC1;8;16384;2481152;","
CZ34122RMA;6;24576;1651712;","
CZJ2511H1P;2;4096;1303552;","
CZJ4500997;6;14336;1745920;","
CZJ2511H1K;4;14336;1736704;","
CZJ2511H0V;2;2048;378880;","
CZ34122RMX;4;6144;358400;","
CZJ2511H14;4;8192;344069;","
;2;8192;0;","
CZJ450098W;4;16384;500736;","
CZJ450099B;1;256;0;","
;8;131072;0;","
CZ32025YP0 ;1;196;0;","
CZ32025YNK;8;192512;0;","
CZJ2511H1H;1;192;0;","
CZJ2511H1Q;4;16384;500736;","
CZJ2511H17;1;2300;0;","
CZJ4500998;1;2600;0;","
CZJ2511H0Z;2;2300;0;","
CZJ450098V;1;256;0;","
CZ32025YNW;8;192512;0;","
CZJ2390PR4;8;192512;0;","
CZJ2390PR5;4;16384;256000;","
CZ25390H5J;2;4096;204800;","
CZJ4500995;2;4096;204800;","
CZJ4500995;2;4096;204800;","
CZJ450098X;2;4096;204800;","
CZ25390H5C;2;4096;110592;","
CZ25390H5C;2;4096;110592;","
CZ34122RMX;2;8192;424960;","
CZJ450099D;6;16384;1742848;","
CZ34122RMH;2;8192;612352;","
CZ34122RMX;2;8192;484352;","
CZJ2511H1L;2;4096;1736704;","
CZ23510BG3;4;32768;243724;","
CZ3325HKBW;2;18432;307200;","
CZJ2511H1J;2;16384;276480;","
CZJ450099C;8;16384;2821120;","
CZJ2511H1P;8;16384;2604032;","
CZ34122RMH;4;14336;2153472;","
CZJ2511H1N;3;8192;2153472;","
CZ25390H5J;12;32768;3401728;","
CZ25390H5K;6;18432;9282560;","
CZ25390H5G;4;12288;2348032;","
CZJ35106CB;1;8192;276486;","
CZJ2390PR2;1;8192;276486;","
CZJ2390PR5;6;24576;287744;","
CZJ2511H12;6;24576;287744;","
CZ34122RMX;2;10240;289792;","
CZ34122RMK;2;12288;287744;","
CZJ2511H1P;2;10240;287744;","
CZ3328JVHT;2;8192;287744;","
CZJ35106CB;8;20480;3144715;","
CZJ2511H1F;4;8192;669701;","
CZJ2511H1L;2;6144;1725440;","
CZJ2511H0V;2;6144;1969152;","
CZJ4500990;6;18432;2242560;","
CZJ2511H10;4;12288;1923072;","
CZ25390H5H;6;12288;582656;","
CZ34122RLM;2;6144;588800;","
USE302S78B;2;6144;392192;","
CZ34122RLM;4;16384;415744;","
CZJ2390PR9;4;10240;2248704;","
CZ34122RM8;2;10240;1617920;","
CZJ35106CC;2;4096;1405952;","
CZ34122RMS;6;12288;1772544;","
CZJ35106CB;2;4096;1539072;","
CZ3328JVJF;4;15360;1515520;","
CZJ2511H1J;2;4096;1462272;","
CZ34122RM0;4;8192;519168;","
CZ34122RM6;2;6144;438272;","
CZJ2511H1L;2;4096;392192;","
FCH21377K07;4;10240;1100800;","
FCH21367NN2;4;6144;525312;","
CZJ450098Y;4;6144;1152000;","
CZ3328JVJ3;4;17408;1704960;","
CZJ2511H10;1;2048;225280;","
CZJ2511H14;2;4096;151562;","
CZ34122RLK;6;12288;378880;","
CZ34122RM8;1;2048;133120;","
CZJ35106CB;4;8192;174086;","
;4;12288;931845;","
CZJ2511H1G;10;10240;876549;","
CZJ2511H10;2;8192;1719296;","
CZ34122RM8;4;10240;2017280;","
CZJ2511H12;2;2048;801792;","
CZJ4500994;2;12288;358400;","
CZ34122RMM;2;12288;184320;","
CZ25390H5J;2;8192;182272;","
CZJ450098X;2;4096;207872;","
CZJ2511H10;2;4096;207872;","
CZ34122RMS;2;6144;430080;","
CZ34122RM6;1;4096;184320;","
FCH21377K07;1;2048;131072;","
CZJ4500994;2;2048;233472;","
CZJ4500995;2;4096;212992;","
CZJ35106CC;1;2048;207872;","
CZJ2511H10;8;14788;4748297;","
CZ23510BG2;16;1033917;105177027;","
CZ3325HKBR;16;1033917;472883;","
CZ25390J3W;40;516739;472883;","
CZ3325HKBW;4;40960;6494208;","
06BK231;8;8192;138240;","
646576;8;8192;138240;","
CZ25390H5F;2;4096;230400;","
CZ34122RMH;1;2048;148480;","
CZ25390H5D;8;32768;196608;","
CZ25390H5D;8;32768;196608;","
FCH21367NN2;2;8192;196608;","
CZJ2511H1P;1;2048;122884;","
CZJ2511H1R;1;2048;122884;","
CZJ4500994;1;2048;286720;","
CZ34122RLX;1;2048;184320;","
CZJ2511H12;1;2048;184320;","
CZJ2511H1G;1;2048;184320;","
CZ34122RM0;1;2048;235520;","
CZ34122RMK;1;2048;235520;","
CZJ2390PR2;1;2048;184320;","
CZJ35106CB;1;2048;184320;","
CZ3328JVJF;4;16384;532480;","
CZJ2511H1F;4;8192;2269184;","
CZ34122RM6;4;24576;6888448;","
06T8148;6;8192;102400;","
06T8148;6;8192;102400;","
CZJ2511H1F;4;12288;65538;","
CZ34122RM2;4;16384;1212416;","
CZ34122RLP;2;4096;41090;","
CZJ2390PR5;1;2048;122880;","
646576;4;16384;829440;","
06BK231;4;16384;829440;","
CZ34122RMC;2;4096;212992;","
CZJ2511H14;2;4096;212992;","
CZJ2511H1F;2;10240;655366;","
CZ3328JVJB;8;262144;675840;","
CZ34122RM0;6;16384;440320;","
CZJ2511H14;2;4096;129032;","
CZ34122RMK;2;4096;263168;","
06M4091;8;12288;307200;","
06T8142;8;12288;307200;","
CZ3328JVJ3;16;32768;1147904;","
CZJ2511H14;10;40960;1249280;","
CZJ2511H1L;8;8192;225280;","
CZ34122RMA;8;16384;184320;","
CZJ35106CC;2;8192;163840;","
CZ25390H5J;4;12288;266240;","
CZJ450099F;3;4096;266240;","
CZ34122RLP;2;4096;327680;","
CZ3328JVHY;6;8192;1643520;","
CZ3328JVHY;8;32768;1126400;","
CZJ4500999;4;16384;737280;","
CZJ35106CC;1;4096;204800;","
CZJ2511H1K;1;4096;143360;","
CZ25390H5H;2;4096;106496;","
CZJ450098Z;2;4096;106496;","
CZ25390H5M;2;4096;106496;","
CZJ450098Z;2;4096;106496;","
CZ3328JVHY;2;8192;225286;","
CZJ2511H1L;2;4096;61441;","
CZ34122RLX;2;4096;204800;","
CZJ2511H0V;2;4096;204800;","
CZJ450098Y;4;8192;339968;","
CZ34122RMA;2;4096;276480;","
CZ3328JVJF;4;16384;348160;","
CZ34122RMA;1;8192;327680;","
CZ3328JVJB;2;12288;1413120;","
CZ3328JVJF;2;12288;1413120;","
CZ3328JVJB;2;12288;1579008;","
CZ3328JVJB;2;12288;1413120;","
CZ34122RLS;8;12288;2363392;","
CZ36505L38;4;59392;15880192;","
CZ34122RM8;4;16384;307200;","
CZ34122RMK;4;16384;481280;","
CZ34122RMA;4;16384;5601280;","
CZ34122RMA;4;16384;481280;","
CZ36505L38;12;65536;802816;","
CZ36505L48;12;65536;802816;","
CZ36505L3X;16;131072;35807232;","
CZ36505L3K;12;129024;29540352;","
CZJ4500992;4;16384;505856;","
CZ23510BG3;4;98304;733184;","
CZJ4500992;4;16384;5933056;","
CZ3328JVJ7;4;98304;758784;","
CZJ450098W;4;16384;505856;","
CZ3328JVJ7;4;98304;733184;","
CZ3328JVJ3;4;98304;425984;","
CZ36505L4K;4;98304;735232;","
CZ36505L48;4;98304;733184;","
CZ36505L2X;4;65536;546816;","
CZ36505L2X;8;65536;15880192;","
CZ36505L4K;8;40960;16443392;","
CZ3328JVJF;4;49152;286720;","
CZ34122RMS;4;16384;481280;","
CZ3328JVJ3;4;49152;335872;","
CZ34122RMX;4;16384;5601280;","
CZ34122RMK;4;16384;481280;","
CZ34122RMX;2;6144;487424;","
CZ3328JVJ7;2;8192;172040;","
CZJ2511H1R;2;8192;172040;","
CZJ2511H1R;2;8192;172040;","
CZ25390H5L;2;8192;172032;","
CZ25390H5L;2;8192;172032;","
CZ25390H5L;2;8192;305152;","
CZ25390H5M;2;8192;684032;","
CZ25390H5M;2;8192;684032;","
CZJ450099F;2;8192;305152;","
CZJ450098Z;2;8192;172032;","
CZJ450099F;2;8192;151552;","
CZJ4500995;2;4096;151552;","
CZJ450098Z;2;4096;192512;","
CZ25390H5G;2;4096;151552;","
CZ25390H5J;2;4096;151552;","
CZ25390H5G;2;4096;192512;","
CZJ450099G;2;4096;172032;","
CZJ2511H1L;2;6144;1677317;","
FCH21397663;6;10240;1385472;","
FCH21367NN2;8;32768;2970624;","
CZJ450098Z;6;12288;3009536;","
CZ25390H5L;2;12288;1260544;","
CZJ450098Z;2;4096;1260544;","
CZJ2390PR9;2;8192;141320;","
CZJ2511H1L;2;8192;141320;","
CZ25390H5N;2;8192;151552;","
CZ25390H5N;2;8192;151552;","
CZ25390H5N;2;8192;151552;","
CZ25390H5N;2;8192;151552;","
CZJ4500995;2;8192;151552;","
CZJ4500991;2;8192;151552;","
CZJ450098X;2;8192;151552;","
CZ25390H5H;2;8192;151552;","
CZ25390H5J;2;8192;151552;","
CZJ450098Z;2;8192;151552;","
CZJ2511H1B;2;4096;231084;","
CZJ4500995;4;16384;225280;","
CZJ450098Z;4;16384;225280;","
CZJ4500995;4;16384;245760;","
CZ25390H5D;4;8192;225280;","
CZ34122RLX;4;4096;225280;","
CZ34122RMC;4;8192;225280;","
CZ23510BG3;4;12288;433670;","
CZJ35106CC;6;12288;687109;","
CZJ2511H1F;2;6144;458755;","
CZ3328JVJF;4;8192;14723072;","
CZ3328JVJ3;4;8192;14723072;","
CZJ4500996;2;8192;829440;","
CZJ2511H1Q;2;8192;637952;","
CZ3325HKC5;8;16384;9303040;","
CZJ2511H1P;8;16384;15594496;","
CZ34122RME;2;8192;714752;","
CZJ2511H1P;1;4096;776192;","
CZ3328JVJF;6;16384;1303552;","
CZ3328JVHT;5;8192;1303552;","
CZ34122RM2;4;8192;102400;","
CZJ4500992;2;4096;71680;","
CZJ2511H1N;2;4096;71680;","
CZ34122RMH;1;2048;225280;","
CZJ2511H15;2;4096;384000;","
H849NP1350;4;8192;718848;","
CZ34122RME;1;2048;102436;","
CZJ2511H1R;1;2048;102412;","
CZ34122RMH;1;2048;112640;","
CZJ2511H1Q;1;4096;186090;","
CZ34122RMC;6;14336;178176;","
CZJ2511H14;1;14336;165888;","
CZJ4500993;4;8192;327680;","
CZJ2511H12;2;8192;266250;","
CZ34122RMV;2;4096;140014;","
689038;4;8192;139226;","
06BK231;24;65513;127550;","
646576;16;65516;127550;","
CZJ2511H10;4;8192;82054;","
CZJ2511H1B;2;8192;163842;","
CZ34122RLV;2;2048;675840;","
CZ34122RLK;8;16384;1675264;","
CZ34122RLV;4;8192;286720;","
CZJ2511H15;4;8192;286720;","
CZ34122RMA;4;8192;184320;","
FCH21377H1A;2;4096;81920;","
CZ34122RLK;2;2048;81920;","
CZJ450098W;2;4096;81920;","
CZ3328JVJF;2;4096;81920;","
CZ34122RM4;2;2048;81920;","
CZJ450098W;2;4096;81920;","
CZ3328JVHY;2;2048;81920;","
CZJ2511H1L;2;4096;81920;","
CZJ4500993;2;2048;102400;","
CZJ2511H10;2;4096;81920;","
CZ34122RLV;2;2048;102400;","
CZJ2511H1L;2;4096;81920;","
CZJ2511H12;2;4096;81920;","
CZ34122RM2;2;4096;184320;","
CZJ2390PR9;2;4096;184320;","
CZ34122RM2;2;4096;102400;","
CZJ2511H1F;2;4096;102400;","
CZ34122RMC;8;12288;184320;","
CZJ2511H1N;6;8192;184320;","
CZJ4500992;8;12288;102400;","
CZJ35106CF;6;8192;102400;","
CZ34122RLK;8;12288;102400;","
CZJ2511H0V;6;8192;102400;","
CZJ35106CC;2;4096;102400;","
CZJ2511H1F;2;4096;102400;","
CZ25390H5K;2;4096;184320;","
CZ25390H5F;2;4096;102400;","
CZJ450098X;2;4096;204800;","
CZJ4500995;2;4096;122880;","
CZ25390H5C;2;4096;102400;","
CZ25390H5M;2;4096;102400;","
06T8142;2;4096;151552;","
CZJ2511H1J;2;4096;102400;","
CZJ2511H1F;2;4096;102400;","
CZJ2511H1Q;2;4096;184320;","
CZJ2511H1K;2;4096;102400;","
CZ34122RM6;2;4096;102400;","
CZ34122RMH;2;4096;102400;","
CZ34122RM6;2;4096;184320;","
CZ34122RMA;2;4096;102400;","
FCH21377K07;2;4096;184320;","
FCH21367NN2;2;4096;102400;","
CZJ4500995;2;4096;204800;","
CZJ4500995;2;4096;122880;","
CZJ450098X;2;4096;102400;","
CZJ450098X;2;4096;102400;","
06T8068;2;4096;151552;","
CZ25390H5H;4;8192;286720;","
CZJ450098X;4;8192;286720;","
CZ25390H5F;4;8192;286720;","
CZJ2511H1K;2;8192;114702;","
CZ34122RLK;2;4096;163840;","
CZJ2511H1F;2;4096;163840;","
CZ34122RMH;2;4096;163840;","
CZJ35106CF;2;4096;163840;","
CZJ2511H1F;1;4096;92162;","
CZ34122RMC;4;8192;184320;","
CZJ35106CC;4;8192;184320;","
CZ34122RLV;4;8192;184320;","
CZJ2390PR2;4;8192;184320;","
CZ34122RMS;2;4096;133120;","
CZJ2511H1Q;2;4096;133120;","
CZJ2511H1G;2;4096;102402;","
CZJ2390PR5;2;4096;122911;","
CZ34122RLK;2;4096;122880;","
CZJ2511H0V;1;2048;122880;","
CZ34122RM4;2;2048;102450;","
CZ34122RLX;4;16384;204800;","
CZ34122RMH;4;8192;163840;","
CZJ450098W;2;2048;122880;","
CZJ35106CB;2;2048;122880;","
CZ34122RM6;1;2048;81920;","
CZJ2511H1B;1;2048;81920;","
CZJ450099C;4;4096;6646784;","
CZ34122RM0;2;4096;143360;","
CZ34122RM0;2;4096;143360;","
CZ34122RMP;4;8192;143360;","
CZJ4500992;4;8192;143360;","
CZ34122RMV;2;6144;184320;","
CZJ2511H15;2;4096;194560;","
CZJ4500994;2;10240;189440;","
CZ25390H5L;4;8192;122880;","
CZ25390H5F;4;8192;122880;","
CZ25390H5L;2;4096;163840;","
CZ34122RMK;2;4096;163840;","
CZJ2390PR5;2;4096;163840;","
CZJ2511H15;2;12288;148480;","
CZJ35106CB;1;4096;143360;","
CZ25390H5L;1;2048;143360;","
FCH21367NN2;4;4096;112640;","
CZ3328JVHY;8;16384;2013184;","
CZJ2511H14;8;16384;1851392;","
CZ34122RM4;2;4096;184320;","
CZJ2511H15;2;4096;184320;","
CZ25390H5F;2;4096;184320;","
CZJ450098Z;2;4096;184320;","
CZJ2511H0V;2;4096;66562;","
CZJ2511H1R;1;2048;66562;","
CZ34122RMC;4;12288;389120;","
CZ34122RMM;4;12288;399360;","
CZJ4500992;4;8192;225280;","
CZJ2511H14;4;12288;204800;","
CZJ2511H1R;2;4096;187111;","
CZ34122RLX;4;16384;184320;","
CZJ2511H1K;1;2048;66562;","
CZJ2511H1J;2;4096;66562;","
CZJ2511H10;2;4096;245761;","
CZJ2511H15;2;8192;184334;","
CZ3325HKC5;8;8192;184320;","
CZ3328JVJ3;8;8192;184320;","
CZ3328JVJF;8;8192;184320;","
CZ3328JVJ3;8;8192;184320;","
CZ3325HKC5;8;8192;184320;","
CZ3328JVJF;8;8192;184320;","
CZ3325HKC5;8;8192;184320;","
CZJ2511H1R;2;8192;184320;","
CZJ2511H1L;2;8192;184320;","
CZJ2511H1B;2;8192;184320;","
CZJ2511H1K;2;8192;245761;","
CZJ35106CC;2;4096;184334;","
CZ34122RLX;8;20480;189440;","
CZJ4500993;8;20480;184320;","
CZJ2511H12;1;2048;184320;","
CZJ2511H1B;1;2048;184320;","
CZJ2511H1J;2;4096;66562;","
CZJ2511H1P;2;4096;66562;","
CZJ4500992;2;4096;143360;","
CZJ2511H1B;2;4096;143360;","
CZ34122RMK;2;3072;107520;","
CZJ2511H1J;2;4096;107520;","
CZJ2511H12;2;2048;225311;","
CZJ2511H15;6;6144;442368;","
CZJ2511H14;4;8192;2133094;","
CZJ2511H1Q;8;16384;1925163;","
CZJ2511H10;2;4096;61471;","
CZJ2511H12;2;4096;61471;","
CZ34122RMC;2;4096;133120;","
CZJ35106CF;1;4096;184320;","
CZJ35106CC;2;4096;112640;","
CZJ2511H1K;2;4096;573440;","
CZ25390H5K;2;4096;184320;","
CZJ35106CC;2;6144;158720;","
CZJ4500995;2;6144;158720;","
CZ25390H5L;2;4096;133120;","
CZ34122RME;2;6144;184320;","
CZJ2511H15;2;6144;158720;","
CZJ4500995;2;6144;158720;","
CZ3328JVJ3;1;2048;144386;","
CZJ2511H10;2;4096;87042;","
CZJ35106CB;2;4096;102402;","
CZJ2511H10;1;4096;107520;","
CZ34122RM6;1;2048;204800;","
CZ34122RLV;2;2048;66560;","
CZJ4500993;2;2048;81920;","
CZ34122RM4;2;2048;66560;","
CZJ4500992;2;2048;81920;","
CZ34122RMP;4;4096;102400;","
CZJ2511H12;4;4096;102400;","
CZJ450098W;2;4096;122880;","
CZJ2511H1K;2;4096;122880;","
CZ34122RM0;2;2048;66560;","
CZJ2390PR9;2;2048;66560;","
CZ34122RM2;4;8192;133120;","
CZ34122RLP;2;4096;102400;","
CZ34122RMA;2;4096;102400;","
CZJ4500992;2;2048;163840;","
CZ34122RM6;1;4096;593920;","
CZ34122RLX;1;6144;204800;","
CZ34122RMS;1;2048;201728;","
CZJ2511H12;2;4096;84284;","
;4;6144;104322;","
CZ23510BG3;4;12288;266240;","
CZJ2511H0V;4;12288;245760;","
CZ34122RME;4;8192;184320;","
CZJ2511H1K;2;4096;71682;","
CZJ2390PR2;2;4096;122882;","
CZ25390H5M;2;4096;122880;","
CZJ2511H1J;2;4096;122880;","
CZ34122RME;2;4096;163840;","
CZ34122RLX;4;8192;122880;","
CZ34122RLV;4;8192;122880;","
CZ34122RM6;1;4096;92160;","
CZ25390H5L;2;4096;102400;","
CZ34122RLX;2;8192;194560;","
CZJ4500995;2;4096;122880;","
FCH21367NN2;2;4096;102400;","
CZJ4500993;4;8192;921600;","
CZ34122RLV;2;8192;614400;","
CZ34122RM6;2;4096;102400;","
CZJ2511H10;2;4096;102274;","
CZJ2511H1B;2;4096;163840;","
CZJ35106CB;2;4096;163840;","
CZJ35106CC;2;4096;163840;","
CZ25390H5J;2;4096;163840;","
CZJ450098Z;2;4096;327680;","
CZJ450098X;2;4096;112640;","
CZJ450099F;2;4096;112640;","
CZJ2511H1R;2;4096;112640;","
CZ34122RMS;2;4096;163840;","
CZ25390H5G;2;4096;163840;","
CZJ2511H10;2;4096;163840;","
CZ25390H5K;2;4096;163840;","
CZJ450098Z;2;4096;185344;","
CZ34122RMM;2;4096;1528832;","
CZJ2511H1N;2;4096;1528832;","
CZ34122RLP;4;8192;204800;","
CZ34122RMP;4;4096;190464;","
CZJ4500992;4;4096;102400;","
CZJ2511H0V;2;4096;102400;","
CZJ35106CB;2;4096;81921;","
CZJ35106CB;1;2048;81922;","
CZ34122RM2;4;8192;122880;","
CZJ35106CF;4;8192;122880;","
CZ34122RMV;4;4096;143360;","
CZJ35106CB;4;4096;143360;","
CZ34122RMC;4;4096;122880;","
CZJ2511H1N;4;4096;122880;","
CZ34122RM6;2;4096;92160;","
CZJ2511H1J;2;4096;81920;","
CZJ2390PR9;4;6144;523304;","
CZJ450099C;4;8192;564224;","
CZ34122RM0;4;6144;523264;","
CZJ2511H0V;1;2048;71680;","
CZ34122RM4;1;2048;81920;","
CZJ2511H1K;1;2048;81920;","
CZ34122RM6;1;2048;71680;","
CZJ2511H0V;1;2048;71680;","
CZ34122RM4;2;4096;102400;","
CZ34122RM4;2;2048;122880;","
CZ34122RME;2;2048;122880;","
CZ34122RMS;4;8192;462848;","
CZJ2511H1Q;2;4096;706593;","
CZ34122RLK;2;4096;266240;","
CZJ4500993;2;4096;368640;","
CZ25390H5M;2;4096;286720;","
CZ34122RMA;2;2048;102400;","
CZ3328JVJ7;2;4096;102402;","
CZ3325HKBW;8;16384;81920;","
CZ34122RLK;8;16384;81920;","
CZ3325HKC1;8;16384;81920;","
CZ34122RME;2;4096;122880;","
CZJ2511H1N;2;4096;122880;","
CZJ2511H1K;2;4096;81922;","
CZJ4500992;8;16384;122880;","
CZ3328JVHT;8;16384;122880;","
CZJ4500993;8;16384;122880;","
CZ3325HKBW;8;16384;122880;","
CZ34122RM6;1;2048;122880;","
CZJ2511H1B;1;2048;122880;","
CZ3328JVHY;16;16384;122880;","
CZJ2511H10;1;2048;122880;","
CZ34122RLP;2;8192;337920;","
CZ34122RME;8;20480;204800;","
CZ34122RMX;8;20480;204800;","
CZJ4500994;12;28672;184320;","
CZ34122RMM;12;28672;184320;","
CZ34122RM0;8;16384;184320;","
CZ34122RMH;8;16384;184320;","
CZ34122RMA;8;20480;286720;","
CZ34122RM0;8;20480;286720;","
CZ34122RM2;12;40960;204800;","
CZ34122RMV;12;40960;204800;","
CZ34122RMX;8;16384;225280;","
CZ34122RME;8;16384;225280;","
CZ34122RLK;2;4096;163840;","
CZJ35106CF;1;2048;163840;","
CZ34122RMA;2;4096;143360;","
CZ34122RLX;2;8192;143360;","
CZ34122RLP;2;8192;143360;","
CZ34122RMS;2;6144;163840;","
CZ34122RMA;2;4096;163840;","
CZJ4500994;4;8192;143360;","
CZ34122RLX;4;8192;143360;","
CZ34122RMA;2;4096;143360;","
CZ34122RME;2;4096;143360;","
CZ34122RMK;8;16384;286720;","
CZ34122RM6;8;16384;286720;","
CZ3328JVJF;8;28672;225280;","
CZ3328JVJB;8;28672;225280;","
CZ34122RM0;8;24576;225280;","
CZ34122RMX;8;24576;225280;","
CZJ4500992;1;4096;65536;","
CZ34122RLK;4;12288;81920;","
CZ3325HKC5;4;8192;163840;","
CZJ450098W;4;8192;184320;","
CZ34122RMC;4;8192;184320;","
CZ34122RMX;1;2048;87040;","
CZ34122RM6;1;2048;107520;","
CZ34122RMS;2;2048;184320;","
CZ34122RMH;2;2048;184320;","
CZJ35106CB;4;8192;143391;","
CZJ2511H15;2;4096;122911;","
CZ34122RMA;2;4096;143360;","
CZJ2511H12;2;4096;41968;","
CZJ2390PR2;4;4096;204802;","
CZJ4500993;4;8192;143360;","
CZ34122RLP;4;8192;143360;","
CZ34122RM4;1;2048;266240;","
CZ3328JVJ7;4;8192;122880;","
CZJ2390PR2;4;8192;122880;","
CZ34122RLX;4;8192;122880;","
CZJ2511H14;4;8192;122880;","
CZ34122RM2;2;6144;143360;","
CZJ2390PR2;2;6144;143360;","
CZ34122RMP;2;6144;143360;","
CZJ2511H10;2;6144;143360;","
CZ34122RMC;2;4096;163840;","
CZJ2511H1J;2;4096;163840;","
CZJ4500992;1;4096;163840;","
CZJ2390PR2;1;4096;163840;","
CZ25390H5K;4;8192;122880;","
CZ25390H5H;4;8192;122880;","
CZ25390H5H;4;8192;122880;","
CZ25390H5J;2;4096;143360;","
CZ25390H5L;2;4096;143360;","
CZ25390H5L;2;4096;143360;","
CZ25390H5M;2;4096;143360;","
CZJ35106CF;1;2048;122880;","
CZJ35106CB;1;2048;122880;","
CZ34122RM0;2;4096;117760;","
CZJ2390PR2;2;4096;112640;","
CZ34122RMH;2;4096;112640;","
CZJ35106CB;2;4096;112640;","
CZ34122RME;2;4096;107520;","
CZJ2390PR2;2;4096;107520;","
CZ34122RME;2;4096;107520;","
CZJ2511H1L;2;4096;107520;","
CZJ2511H1L;2;4096;163840;","
CZ34122RMH;2;4096;163840;","
CZJ2511H0V;2;8192;163840;","
CZ25390H5L;1;2048;143360;","
CZ25390H5M;1;2048;143360;","
CZ25390H5M;1;2048;143360;","
CZ25390H5M;4;4096;102400;","
CZ25390H5C;4;4096;102400;","
CZ25390H5D;4;4096;102400;","
FCH21367NN2;4;4096;102400;","
CZJ2511H1B;2;4096;81920;","
CZJ450099C;8;12288;2606080;","
CZJ4500990;8;8192;1148928;","
CZ34122RM4;2;4096;122880;","
CZ34122RM4;2;2048;102400;","
CZ34122RM4;1;2048;61440;","
CZ34122RLV;4;12288;143360;","
FCH21377H1A;2;4096;81920;","
H849NP1350;2;4096;81920;","
FCH21377H1A;2;4096;184320;","
CZ3328JVJF;2;4096;163842;","
CZJ2511H1G;2;4096;163714;","
CZ34122RLV;4;6144;317440;","
CZJ2511H10;8;6144;317440;","
CZ34122RLH;8;6144;317440;","
CZJ2511H1G;8;6144;317440;","
CZ34122RMA;4;4096;215040;","
CZJ2511H1N;4;4096;215040;","
CZJ4500993;2;4096;133120;","
CZ34122RMA;2;4096;112640;","
CZJ2390PR5;2;4096;112640;","
CZ34122RM4;2;8192;481280;","
CZ34122RMV;2;8192;430080;","
CZ25390H5D;2;8192;430080;","
CZ34122RLX;2;4096;378880;","
CZJ2511H1G;2;4096;133120;","
CZ34122RMH;2;2048;880640;","
CZ34122RMP;4;8192;16949165;","
CZ34122RM4;2;4096;3768320;","
CZ34122RMV;2;4096;3153920;","
CZ34122RM4;2;4096;3153920;","
CZJ4500994;2;4096;3153920;","
CZ34122RMM;2;4096;3159040;","
FCH21377JS2;4;8192;2232320;","
CZJ2511H1J;2;4096;3133440;","
CZJ2511H1L;4;8192;2232320;","
CZ34122RLX;2;6144;3207168;","
CZJ2511H1B;2;4096;3153920;","
CZJ2390PR9;4;8192;3153920;","
CZ34122RM4;2;4096;3153920;","
CZJ2511H1R;4;8192;3153920;","
CZ34122RMP;2;4096;3153920;","
CZ3328JVHY;2;4096;3153920;","
CZJ2511H1R;4;8192;3153920;","
CZ3328JVHY;2;8192;3153920;","
CZJ2511H1Q;2;4096;3153920;","
CZJ35106CF;4;8192;3153920;","
CZ34122RLP;2;4096;3153920;","
CZJ2511H0V;2;4096;3153920;","
CZJ2390PR2;4;8192;3153920;","
CZJ4500994;2;4096;1310720;","
CZJ2511H1L;4;8192;3153920;","
CZJ2511H1Q;4;8192;3153920;","
CZ34122RMM;2;4096;3153920;","
CZJ35106CB;4;8192;3153920;","
CZ34122RLP;2;4096;3154944;","
CZJ2390PR9;4;8192;3153920;","
CZJ450098W;2;6144;3153920;","
CZJ2511H1J;4;8192;3153920;","
CZ34122RLK;2;4096;3153920;","
CZJ2511H1F;4;8192;3153920;","
CZ34122RLX;2;4096;3153920;","
CZ34122RMM;2;4096;3153920;","
CZJ450098W;2;4096;3153920;","
CZJ4500993;4;8192;3156992;","
CZ34122RMV;2;4096;3153920;","
FCH213976U1;4;8192;3153920;","
FCH21377JS2;4;8192;3153920;","
CZJ2511H1K;4;8192;3153920;","
CZ34122RMM;4;8192;3153920;","
CZJ2511H1K;4;8192;3153920;","
FCH213976U1;4;8192;3153920;","
CZJ2511H1L;4;8192;3153920;","
CZ34122RMP;4;8192;3153920;","
CZJ2511H12;4;8192;3153920;","
CZJ2390PR9;4;8192;3153920;","
CZJ450098W;4;8192;3153920;","
CZJ2511H1P;4;8192;3153920;","
CZ34122RM2;4;8192;3153920;","
CZJ2511H1G;4;8192;3153920;","
CZJ450098W;4;8192;3153920;","
CZJ2511H1R;4;8192;3153920;","
FCH21377JS2;4;8192;3153920;","
CZJ2511H1R;4;8192;3153920;","
CZ34122RMM;4;8192;3153920;","
CZJ2511H1B;4;8192;3153920;","
CZ34122RMV;4;8192;3153920;","
CZJ2511H1G;4;8192;3153920;","
CZ34122RLV;4;8192;3153920;","
CZJ2511H1B;4;8192;3153920;","
CZ34122RMC;4;8192;3153920;","
CZJ2511H1Q;4;8192;3153920;","
CZ34122RLX;4;8192;3153920;","
CZJ35106CB;4;8192;3153920;","
CZ34122RMX;2;4096;4456448;","
CZJ2511H14;2;4096;4456448;","
CZ34122RM0;2;8192;1310720;","
CZJ2511H1R;2;8192;1310720;","
CZ34122RMS;2;8192;1310720;","
CZJ2511H1N;2;8192;1310720;","
CZ34122RME;8;4096;5279744;","
CZJ35106CC;2;4096;122882;","
CZ34122RM0;2;4096;143360;","
CZ25390H5C;4;16384;225280;","
CZ34122RMM;4;16384;245760;","
CZJ4500993;4;8192;143360;","
FCH21367NN2;4;16384;225280;","
CZJ2511H1F;2;4096;122882;","
CZ3328JVHY;8;262144;122880;","
CZ34122RM0;4;10240;122880;","
CZJ2511H1B;2;4096;122882;","
CZJ4500992;4;8192;122880;","
CZ34122RMS;2;4096;122880;","
CZ34122RLX;4;8192;184320;","
CZ34122RMH;2;4096;184320;","
CZJ2511H1K;2;4096;64994;","
CZJ2390PR2;1;4096;71680;","
CZ34122RM6;2;2048;143360;","
CZ34122RMC;2;4096;880640;","
CZ34122RMX;8;24576;268288;","
CZ25390H5J;2;4096;81920;","
CZJ4500995;2;4096;81920;","
CZJ2390PR5;6;8192;317440;","
CZ34122RLX;6;8192;317440;","
CZJ2511H1P;6;8192;317440;","
CZ34122RMP;6;8192;317440;","
CZJ2511H1Q;6;8192;317440;","
CZ34122RLP;8;8192;317440;","
CZJ2511H15;6;8192;317440;","
CZ34122RLK;8;8192;317440;","
CZ34122RMV;6;8192;317440;","
CZ34122RM0;2;4096;102400;","
CZJ2390PR2;2;4096;102400;","
CZ34122RMH;2;4096;102400;","
CZJ35106CF;2;4096;102400;","
CZJ4500994;8;8192;317440;","
CZJ2511H1Q;8;8192;317440;","
CZ34122RM4;8;8192;317440;","
CZJ2511H1B;8;8192;317440;","
CZ34122RLP;8;8192;317440;","
CZJ2511H1B;8;8192;317440;","
CZJ35106CC;8;8192;317440;","
CZ34122RME;1;3072;163840;","
CZJ2390PR5;1;3072;163840;","
CZ34122RMA;1;3072;163840;","
CZJ2511H12;1;3072;163840;","
CZ34122RMS;2;4096;122880;","
CZJ4500993;2;6144;122880;","
CZ34122RMP;2;8192;184320;","
CZJ35106CF;1;4096;184320;","
CZJ2511H1R;2;4096;163842;","
CZJ4500992;6;8192;225280;","
CZJ2511H15;6;8192;225280;","
CZ34122RM4;1;2048;61440;","
CZJ35106CC;2;4096;81794;","
CZ34122RMM;2;4096;122880;","
CZJ2511H1N;2;4096;122880;","
CZ34122RMK;2;4096;122880;","
CZJ2390PR5;2;4096;122880;","
CZ34122RLP;2;4096;61440;","
;2;4096;133120;","
CZ34122RMP;4;4096;163840;","
CZ34122RM4;2;4096;122880;","
CZJ2390PR9;2;4096;122880;","
CZJ2511H1G;2;4096;102430;","
CZ34122RMC;4;6144;122880;","
CZJ4500992;2;16384;593920;","
CZJ2511H1G;2;16384;593920;","
CZ34122RMK;2;4096;122880;","
CZ34122RM4;2;4096;122880;","
CZ34122RM4;4;8192;153600;","
CZJ2390PR2;2;4096;122880;","
CZ34122RLK;4;8192;143360;","
CZ34122RM2;2;4096;122880;","
CZJ2511H1P;2;4096;122880;","
CZ34122RME;4;2048;122880;","
CZ34122RMH;4;8192;143360;","
CZJ2390PR9;4;4096;122880;","
CZ34122RMS;4;8192;143360;","
CZJ450098W;2;2048;122880;","
CZJ2390PR9;2;2048;122880;","
CZ34122RMA;2;4096;122880;","
CZJ2511H1Q;2;2048;122880;","
CZ34122RMV;2;4096;122880;","
CZJ450098W;2;4096;122880;","
CZ34122RMV;2;4096;573440;","
CZJ450098W;2;4096;573440;","
CZ34122RMP;2;4096;153600;","
CZ34122RME;1;1024;102400;","
CZ34122RMX;2;4096;102400;","
CZJ450098W;2;1024;122880;","
CZ25390H5M;2;8192;184320;","
CZ25390H5M;2;8192;184320;","
CZ34122RM8;6;16384;122880;","
CZ34122RM2;8;16384;389120;","
CZ34122RM6;6;12288;286720;","
CZ25390H5L;6;14336;307200;","
CZJ450098X;6;12288;153600;","
CZ25390H5N;6;14336;307200;","
CZJ450099F;6;12288;153600;","
CZ25390H5N;6;14336;307200;","
CZJ450099F;6;12288;153600;","
CZ25390H5D;6;14336;307200;","
CZJ450098X;6;12288;153600;","
CZ25390H5N;6;14336;307200;","
CZJ450098X;6;12288;307200;","
CZ25390H5H;6;14336;307200;","
CZ25390H5C;6;14336;307200;","
CZ25390H5C;6;14336;307200;","
CZ25390H5C;6;14336;307200;","
CZ25390H5L;2;4096;122880;","
CZJ450098Z;2;4096;122880;","
CZ25390H5N;2;4096;122880;","
FCH23047B9W;16;55296;16650215;","
FCH23047B9W;14;40960;4538425;","
FCH213976A8;12;65536;9824460;","
FCH21397663;12;79872;13458022;","
FCH21377K07;12;65536;7805542;","
CZ25390H5F;6;8192;544768;","
CZJ450098X;4;6144;267264;","
CZ25390H5L;6;8192;428032;","
CZJ4500995;4;6144;615424;","
CZ25390H5K;6;8192;544768;","
CZ25390H5C;6;8192;432128;","
CZ25390H5K;6;12288;307200;","
CZJ450099F;6;8192;153600;","
CZ25390H5C;6;12288;307200;","
CZJ4500995;6;8192;153600;","
CZ25390H5M;6;12288;307200;","
CZJ4500995;6;8192;153600;","
CZ25390H5N;6;12288;307200;","
CZJ450098X;6;8192;153600;","
CZ25390H5G;6;12288;307200;","
CZJ450098X;6;8192;307200;","
CZ25390H5D;6;12288;307200;","
CZ25390H5D;6;12288;307200;","
CZ25390H5C;1;4096;122880;","
CZJ450098Z;1;2048;122880;","
CZ25390H5K;1;4096;122880;","
CZJ450099G;8;12288;327680;","
CZ25390H5F;2;4096;194560;","
CZ25390H5K;4;16384;389120;","
CZJ2511H12;2;4096;143362;","
CZ34122RLP;8;8192;266240;","
CZ34122RLP;4;4096;133120;","
CZ34122RM6;2;4096;112640;","
CZ34122RMK;2;2048;134144;","
CZ34122RLV;2;4096;122880;","
CZ34122RMK;2;2048;112640;","
CZ34122RLK;4;8192;163840;","
CZ34122RMS;2;6144;143360;","
CZJ2511H10;1;2048;102415;","
CZ34122RMM;1;2048;40960;","
CZ3328JVHY;2;4096;123906;","
CZ34122RLP;4;8192;143360;","
CZJ2511H0V;2;4096;143360;","
CZJ450098W;4;8192;143360;","
CZJ2511H1F;2;4096;143360;","
CZJ4500992;4;8192;143360;","
CZJ2511H1P;2;4096;143360;","
CZ34122RLP;4;8192;143360;","
CZJ35106CF;2;4096;143360;","
CZ34122RMK;1;2048;225280;","
CZJ2511H1K;2;4096;225280;","
CZ34122RMX;1;2048;225280;","
CZJ2511H1N;2;4096;225280;","
CZJ4500993;4;8192;286720;","
CZ34122RMK;2;8192;184320;","
CZ34122RLV;4;8192;184320;","
CZJ4500994;4;8192;184320;","
CZ25390H5K;2;4096;163840;","
CZ25390H5L;2;4096;117760;","
CZ25390H5L;4;8192;215040;","
CZ25390H5F;4;8192;215040;","
CZ25390H5J;4;8192;215040;","
CZ25390H5K;4;8192;215040;","
CZ25390H5L;2;4096;122880;","
CZ25390H5M;2;4096;133120;","
CZ25390H5G;2;4096;133120;","
CZ25390H5F;2;4096;117760;","
FCH21377K07;2;4096;117760;","
CZ25390H5F;2;4096;107520;","
CZ25390H5H;2;4096;122880;","
CZ25390H5D;2;4096;97280;","
CZ34122RLV;2;2048;97280;","
CZ34122RME;2;4096;97280;","
CZJ2511H10;4;4096;314026;","
CZ3328JVJ7;4;4096;1373185;","
CZJ2511H1G;4;4096;1040397;","
CZJ2511H12;4;4096;341641;","
CZ3328JVHY;4;6144;533505;","
CZ3328JVHY;4;6144;636816;","
CZJ2511H1J;2;4096;122882;","
CZJ450098Y;4;4096;122880;","
CZ34122RLM;2;4096;102400;","
CZJ2511H1K;2;2048;102400;","
CZJ4500996;2;4096;122880;","
CZJ2511H1P;2;4096;122880;","
CZ34122RMS;2;4096;122880;","
CZ34122RMH;4;6144;2593792;","
CZ34122RM0;6;10240;2145280;","
CZ3328JVHY;4;8192;779272;","
CZ34122RMH;4;8192;440320;","
CZJ2511H15;4;8192;440320;","
CZJ2511H10;2;4096;102400;","
CZJ450099D;4;8192;350208;","
CZJ450099D;6;8192;303104;","
CZJ4500997;4;6144;390144;","
CZJ4500999;8;16384;3953868;","
CZJ2390PR9;8;16384;1617920;","
CZ23510BG3;8;32768;2661376;","
CZJ2511H1G;8;16384;1995776;","
CZJ450098Y;6;32768;2869248;","
CZJ4500997;12;20480;3165184;","
CZ3328JVJ3;8;24576;4558848;","
CZJ2511H0V;8;24576;4568064;","
CZ3325HKC5;6;40960;1811456;","
CZ3325HKC1;6;40960;1816576;","
CZ3328JVJB;16;32768;4079616;","
CZ3328JVHT;16;32768;3464192;","
CZ3328JVJF;8;20480;1004544;","
CZ3325HKC1;8;20480;1004544;","
CZJ4500999;6;12288;2142208;","
CZJ2390PR5;6;12288;2142208;","
CZ23510BG3;16;32768;809984;","
CZ3328JVHT;16;32768;809984;","
CZ3328JVJ7;12;20480;2551808;","
CZ3325HKBW;12;20480;2515968;","
CZ25390H5C;8;16384;1557504;","
CZ25390H5H;8;16384;569344;","
CZ25390H5H;8;16384;1577984;","
CZ34122RMH;8;10240;2145280;","
CZ34122RME;8;10240;2145280;","
CZ34122RM8;4;12288;1020928;","
CZ34122RMK;8;16384;1705984;","
CZ34122RM0;8;16384;3070976;","
CZ34122RMS;4;40960;1885184;","
CZ34122RM8;4;6144;1006592;","
CZ34122RMH;4;6144;1480704;","
CZ34122RM8;4;10240;672768;","
CZ34122RM8;4;10240;672768;","
CZ34122RMH;4;10240;676864;","
CZ34122RMX;4;6144;625664;","
CZ34122RMA;4;8192;584704;","
CZ34122RM8;6;8192;447488;","
CZ25390H5M;4;12288;1137664;","
CZ25390H5F;4;4096;553984;","
CZJ2511H1P;4;6144;355328;","
CZJ2511H1J;4;6144;390144;","
CZJ2511H12;2;6144;2427904;","
CZ34122RMA;2;4096;266240;","
CZ34122RME;6;10240;216064;","
CZJ4500999;4;4096;204800;","
CZJ4500996;10;20480;293888;","
CZJ4500997;4;8192;287744;","
CZJ2511H1J;4;8192;277504;","
CZ34122RMS;8;14336;200704;","
CZ34122RMX;4;8192;277504;","
CZJ35106CB;2;4096;123473;","
CZJ2511H1R;2;4096;122754;","
CZJ2511H1F;4;8192;184320;","
CZJ2511H1Q;4;8192;184320;","
CZJ2390PR2;4;8192;184320;","
CZ34122RM4;4;8192;184320;","
CZJ2511H15;4;8192;184320;","
CZ34122RMM;4;8192;184320;","
CZJ35106CB;4;8192;184320;","
CZJ2511H1N;1;4096;122880;","
CZJ2511H1J;1;4096;122880;","
CZJ450098W;4;8192;81920;","
CZJ4500994;4;4096;317440;","
CZJ4500993;2;2048;133120;","
CZ34122RM4;2;2048;368640;","
CZ34122RMV;4;8192;286720;","
CZJ2511H14;4;8192;286720;","
CZ34122RMC;4;8192;286720;","
CZ34122RM4;2;4096;112640;","
CZJ35106CB;1;2048;112640;","
CZ25390H5M;1;2048;81920;","
CZJ4500995;2;4096;81920;","
FCH21367NN2;1;2048;81920;","
CZJ450098X;2;4096;81920;","
CZJ35106CB;2;2048;204800;","
CZ34122RMA;1;1024;40946;","
CZ34122RLX;2;4096;163840;","
CZJ2511H10;2;4096;163840;","
CZ34122RM4;2;4096;163840;","
CZJ2511H10;2;4096;163840;","
CZ34122RMA;2;4096;163840;","
CZJ2511H1K;2;4096;163840;","
CZ34122RMS;2;4096;163840;","
CZJ2511H1L;2;4096;163840;","
CZJ4500993;2;2048;225280;","
CZ34122RLK;2;2048;225280;","
CZJ450098W;2;2048;225280;","
CZ3451KPN3;2;4096;184320;","
CZJ2511H1K;2;4096;92191;","
CZ25390H5J;1;1024;395264;","
CZ34122RMP;1;2048;35840;","
CZ3328JVHT;1;2048;376832;","
CZJ35106CB;2;4096;202752;","
CZ3325HKBW;1;2048;335872;","
CZJ2390PR9;2;4096;197632;","
CZ3325HKBW;1;2048;340992;","
CZ3325HKBW;1;2048;172032;","
CZ3328JVHY;16;157696;7209984;","
CZ3325HKC1;2;4096;6043648;","
CZ3328JVJB;8;16384;1149952;","
CZJ2390PR5;1;2048;1173504;","
CZ34122RME;2;2048;130048;","
CZ34122RM6;2;8192;93232;","
;1;2560;92160;","
;2;12288;447488;","
;1;4096;92160;","
;1;6144;183296;","
;1;6144;92160;","
;1;6144;92160;","
;1;3072;92160;","
FCH213973ZK;4;8192;3153920;","
CZ25390H5G;16;261885;224;","
CZJ450098Z;16;262109;224;","
CZ25390H5N;16;261885;224;","
CZJ4500995;16;262109;224;","
CZ25390H5F;16;261885;224;","
CZJ450099F;16;262109;224;","
CZ25390H5L;16;261885;224;","
CZ25390H5D;16;261885;224;","
CZJ450099G;16;262109;224;","
CZ25390H5H;16;261885;224;","
CZJ4500991;16;262109;224;","
CZ25390H5K;16;261885;224;","
CZ25390H5C;16;261885;224;","
CZ25390H5J;16;261885;224;","
CZ25390H5M;16;261885;224;","
06M4091;2;2048;373760;","
06T8142;10;20480;1406976;","
06M4092;8;16384;2072576;","
06T8148;8;32768;819200;","
06D3963;2;4096;215040;","
06T8142;4;8192;849920;","
CZJ450098X;16;262109;0;","
06T8068;8;16384;505856;","
06T8142;4;8192;247808;","
06M4091;4;8192;247808;","
689027;2;4096;163840;","
06M4091;8;16384;256000;","
06M4091;4;8192;247808;","
06T8142;2;4096;182272;","
689040;2;4096;92160;","
689037;2;4096;92160;","
06T8142;40;524263;277504;","
06T8139;40;524263;277504;","
06V0102;40;524263;277504;","
06T8148;40;524263;277504;","
06M4091;24;524266;131584;","
06M4092;24;524266;131584;","
06T8068;40;524264;562688;","
06D3963;24;196584;0;","
06D3994;24;196584;0;","
06ZDFG4;16;200388;0;","
689040;16;196588;0;","
689034;16;139244;0;","
689041;16;196588;0;","
06D3961;24;196584;0;","
689042;16;196588;0;","
06M4100;24;262121;0;","
689038;16;196588;0;","
689031;16;196588;0;","
646575;16;196589;0;","
06X6492;24;262120;0;","
06YGGK2;16;200550;0;","
06ZDFF9;16;200550;0;","
06ZDFG0;16;200550;0;","
06ZDFG2;16;200550;0;","
06ZDFG5;16;200516;0;","
06ZDFG3;16;200388;0;","
06ZDPZ6;16;200516;0;","
06T8068;4;16384;153600;","
06T8062;40;131050;0;","
06V0102;8;32768;204800;","
06T8148;8;32768;204800;","
06YGGK2;12;59392;1638400;","
06V0102;12;59392;1638400;","
06ZDFF9;17;37888;1469440;","
06T8148;8;37888;2165760;","
FCH21377K07;28;392945;0;","
FCH21367NN2;28;392945;0;","
FCH21397663;28;392945;0;","
FCH21377H1A;28;392945;0;","
689027;16;131055;0;","
689037;16;131052;0;","
06T8068;2;4096;151552;","
06M4091;4;4096;151552;","
06T8142;4;4096;151552;","
06T8148;2;4096;151552;","
06T8142;2;4096;256000;","
06T8148;2;4096;192512;","
06T8148;4;16384;256000;","
06T8139;2;4096;192512;","
06M4091;2;4096;161792;","
06M4091;2;4096;256000;","
06T8139;2;4096;142336;","
06T8142;2;4096;161792;","
06T8139;2;4096;192512;","
06M4091;1;2048;71680;","
06M4091;1;2048;86016;","
06M4091;2;4096;1677312;","
06T8068;2;4096;141312;","
06T8142;1;2048;75776;","
06T8148;4;8192;452608;","
06M4091;2;4096;151552;","
06T8142;2;4096;192512;","
06M4091;2;4096;182272;","
06T8148;2;4096;196679;","
06M4091;2;4096;151552;","
06T8139;1;2048;106496;","
06YGGK2;5;18432;415744;","
06T8139;5;18432;415744;","
689031;8;16384;598016;","
06T8142;2;8192;284672;","
06T8148;4;16384;227328;","
06T8139;2;8192;161792;","
06T8142;2;4096;161792;","
06T8139;2;6144;172032;","
06M4091;2;6144;172032;","
06T8142;2;4096;106496;","
06T8148;1;4096;311296;","
06M4091;1;4096;311296;","
06M4091;1;4096;311296;","
06T8142;1;4096;311296;","
06T8139;1;6144;311296;","
06T8148;1;6144;311296;","
06T8139;1;2048;91136;","
06T8139;1;2048;91136;","
06T8142;2;8192;472064;","
06T8068;2;8192;472064;","
06T8148;4;16384;350208;","
06M4091;2;4096;307200;","
06T8139;2;4096;151552;","
06T8142;2;4096;2690048;","
06T8142;2;4096;2690048;","
06T8148;1;2048;126976;","
06T8148;2;16384;102400;","
06T8142;2;16384;102400;","
06M4091;4;8192;274432;","
06T8148;2;4096;233472;","
06V0102;4;24576;112640;","
06T8148;2;4096;376832;","
06T8139;2;4096;376832;","
06YGGK2;4;8192;452608;","
06ZDFF9;4;8192;452608;","
06YGGK2;4;8192;452608;","
06ZDFF9;4;8192;452608;","
06V0102;2;4096;376832;","
06M4091;2;4096;376832;","
06T8139;2;4096;376832;","
06T8139;2;4096;376832;","
06T8139;2;4096;161792;","
06T8142;2;4096;161792;","
06T8148;4;12288;1145856;","
06V0102;4;8192;1171456;","
06V0102;4;16384;713728;","
06M4091;4;8192;1722368;","
06T8139;4;16384;1395712;","
06T8142;8;24576;1389568;","
06T8142;4;16384;494592;","
06T8142;4;16384;920576;","
06T8142;4;8192;934912;","
06T8139;4;32768;1073152;","
06T8139;2;4096;581632;","
06T8142;4;12288;946176;","
06T8142;4;18432;718848;","
06T8142;4;8192;381952;","
06V0102;4;8192;545792;","
06V0102;4;32768;256000;","
06ZDFG0;12;40960;4347904;","
FCH213976B1;4;8192;997376;","
CZJ450099F;2;4096;317440;","
CZ25390H5J;2;4096;317440;","
CZ36505L38;8;98304;44351488;","
FCH21377JS2;4;32768;378880;","
FCH21377JS2;4;32768;378880;","
CZ3325HKC5;12;49152;4423680;","
06V0102;4;16324;378880;","
CZ23510BG3;1;2048;61471;","
689040;1;2048;81940;","
06M4100;1;4096;30720;","
689040;4;3072;102460;","
;4;16384;1475584;","
;4;16384;1475584;","
;1;14336;2367488;","
;4;8192;153600;","
06M4091;1;2048;122880;","
06M4092;8;16384;327680;","
06T8148;4;8192;225280;","
06T8148;1;2048;122880;","
06M4092;4;8192;122880;","
06M4092;4;8192;153600;","
06T8142;4;8192;153600;","
06T8142;4;8192;245760;","
06T8142;4;8192;122880;","
06M4091;4;8192;122880;","
06M4092;1;2048;327763;","
CZ3328JVHY;2;49152;4332544;","
CZ3325HKC5;2;49152;4332544;","
CZ23510BG3;2;32768;7920640;","
FCH212675BL;1;2048;225280;","
FCH21377JVV;1;2048;225280;","
CZ25390H5K;16;32768;225280;","
CZ25390H5G;16;32768;225280;","
CZ25390H5H;16;32768;225280;","
CZ25390H5H;16;32768;225280;","
06T8068;2;6144;122880;","
06T8139;4;16384;532480;","
06M4092;4;16384;512000;","
06M4091;4;16384;532480;","
06T8068;4;16384;532480;","
06T8139;4;16384;225280;","
06M4092;4;16384;225280;","
06T8068;4;22528;634880;","
06M4092;4;22528;839680;","
06T8148;4;22528;839680;","
FCH21367NN2;4;16384;196608;","
FCH21377JVV;4;16384;196608;","
06ZDFG2;6;55296;402432;","
646575;2;6144;122880;","
06D3963;2;6144;122880;","
689040;4;16384;225280;","
689040;4;16384;225280;","
689038;4;16384;225280;","
689040;4;16384;532480;","
06X6492;4;16384;532480;","
06D3994;4;16384;532480;","
646575;4;22528;839680;","
06D3961;4;22528;839680;","
06M4100;4;22528;839680;","
06D3961;1;2048;122880;","
06ZDPZ6;6;55296;402432;","
06ZDFG3;6;55296;402432;","
CZ34122RM4;2;2048;163840;","
CZ3328JVJ7;2;8192;126980;","
06ZDFF9;2;16384;122880;","
06T8142;2;4096;204800;","
CZJ450098X;8;16384;204800;","
06M4091;2;4096;188416;","
06M4091;2;4096;167936;","
06T8068;2;4096;204800;","
06M4091;2;4096;204800;","
06M4091;2;4096;204800;","
06T8142;4;8192;204800;","
06M4091;2;4096;167936;","
06M4091;2;4096;204800;","
06T8142;2;4096;204800;","
06M4091;4;8192;210944;","
06M4091;4;8192;210944;","
06T8142;4;8192;210944;","
06T8148;4;8192;210944;","
06T8142;2;4096;3282944;","
06T8142;2;10240;210944;","
06T8142;2;4096;210944;","
06T8139;2;10240;210944;","
06T8148;2;4096;323584;","
06ZDFG3;4;16384;1010688;","
06M4091;4;8192;595968;","
06V0102;2;4096;192512;","
06V0102;4;8192;227328;","
06M4091;4;8192;227328;","
06T8148;5;32768;1477632;","
06M4091;4;8192;217088;","
06T8148;4;8192;217088;","
06T8139;5;32768;2757632;","
CZ3328JVJ7;2;4096;243712;","
CZJ2390PR5;2;4096;243712;","
FCH213976B1;2;4096;243712;","
CZJ450099G;2;4096;243712;","
CZJ450098Z;4;8192;438272;","
06T8139;2;4096;167936;","
06T8068;2;4096;167936;","
06M4091;1;2048;167936;","
06M4091;1;2048;167936;","
06ZDFG3;2;4096;500736;","
CZ3328JVJ7;2;4096;151552;","
CZJ2511H1F;2;4096;151552;","
FCH213976B1;2;4096;151552;","
CZJ450099G;2;4096;151552;","
06M4091;4;16384;143360;","
06M4092;4;16384;143360;","
06ZDFF9;4;16384;184320;","
06M4091;2;8192;204800;","
06M4091;4;12288;280576;","
06T8148;4;12288;280576;","
06T8068;4;12288;280576;","
06ZDFG0;4;8192;257024;","
06M4092;1;2048;6559744;","
06T8139;4;8192;215040;","
689038;2;4096;212992;","
06M4100;2;4096;204800;","
CZJ450098Z;2;4096;266240;","
689031;4;8192;348160;","
06X6492;8;16384;225280;","
CZJ450099G;8;16384;225280;","
689031;2;4096;192512;","
06D3963;2;4096;212992;","
06D3963;1;2048;184320;","
CZ25390H5F;2;4096;266240;","
689042;4;8192;452608;","
689040;4;8192;452608;","
06M4091;4;12288;204800;","
689042;8;24576;598016;","
689031;8;24576;598016;","
689031;8;16384;598016;","
CZ3328JVJF;2;4096;52025;","
06T8148;2;8192;472064;","
CZJ35106CF;2;4096;153600;","
CZ3328JVHT;2;4096;153600;","
06M4100;8;16384;495616;","
646575;8;8192;299008;","
06ZDFF9;4;8192;452608;","
CZ3328JVHY;2;2048;102415;","
CZ34122RM6;4;6144;338944;","
CZJ35106CF;16;61440;5255168;","
06YGGK2;2;4096;2131869;","
06ZDFF9;2;4096;2131869;","
06T8062;4;16384;204800;","
06M4091;4;10240;299008;","
689040;8;16384;1149952;","
06D3961;1;2048;122880;","
06D3963;1;2048;122880;","
CZJ4500995;1;2048;262144;","
06T8062;8;32768;204800;","
06T8062;2;16384;122880;","
CZ25390H5K;8;16384;1441792;","
CZ3351WW2Y;2;32768;0;","
CZ3328JVJB;6;55296;402432;","
CZ3328JVJB;6;55296;402432;","
CZ3328JVHY;6;55296;402432;","
CZ25390H5G;1;2048;131072;","
CZ23510BG3;2;4096;212992;","
CZ23510BG3;2;4096;212992;","
CZ3328JVJB;4;8192;421888;","
CZJ2511H1G;8;16384;495616;","
CZJ4500991;8;16384;557056;","
CZ25390H5H;8;16384;557056;","
CZ3328JVJF;8;16384;495616;","
CZ3325HKC5;8;16384;495616;","
CZJ4500995;8;16384;557056;","
CZJ450099G;8;16384;557056;","
CZ25390H5K;8;16384;557056;","
CZ25390H5G;8;16384;557056;","
CZJ450099G;8;16384;358400;","
CZ25390H5G;8;16384;358400;","
CZ3328JVHY;2;4096;192512;","
CZ3328JVJ7;2;4096;192512;","
CZ3328JVJF;12;40960;4315136;","
FCH21377JS2;1;2048;218112;","
FCH21377JS2;1;2048;151552;","
FCH21377JS2;4;8192;234496;","
CZ34122RME;4;8192;131072;","
CZ3328JVJ7;8;13312;4011008;","
CZ25390H5L;8;32768;356352;","
CZ25390H5M;8;32768;356352;","
CZJ2511H14;4;16384;283648;","
CZ25390H5J;2;4096;430080;","
CZ25390H5J;2;6144;122880;","
CZ25390H5J;2;6144;122880;","
CZ25390H5J;4;16384;225280;","
CZ25390H5C;4;16384;225280;","
CZ25390H5J;4;16384;225280;","
CZ25390H5J;4;22528;430080;","
CZ25390H5J;4;22528;430080;","
CZ25390H5C;4;22528;430080;","
CZ25390H5M;4;22528;225280;","
CZ25390H5J;4;22528;225280;","
CZ25390H5J;4;22528;225280;","
CZ25390H5J;4;22528;225280;","
CZ25390H5J;4;8192;461824;","
CZ25390H5J;4;8192;717824;","
CZ25390H5M;4;8192;717824;","
CZ25390H5H;1;2048;122880;","
CZ25390H5C;6;8192;942080;","
CZ25390H5G;6;8192;942080;","
CZ25390H5J;6;8192;942080;","
CZ25390H5D;6;8192;942080;","
CZ34122RMH;2;4096;41090;","
FCH21377K07;8;49152;540672;","
FCH21367NN2;8;32768;54323200;","
CZJ35106CF;8;16384;3538944;","
CZJ2511H12;8;16384;3538944;","
CZ3328JVJ3;8;16384;16121856;","
CZ23510BG3;8;16384;9830400;","
CZJ2511H1L;2;8192;161792;","
CZ3328JVJF;4;16384;202752;","
CZ34122RMK;2;4096;367616;","
CZ34122RM6;4;8192;234496;","
CZ25390H5J;8;16384;495616;","
CZ3328JVJF;4;8192;319488;","
CZ3328JVJF;4;8192;503808;","
CZ3328JVJ7;4;8192;986112;","
CZ3325HKBW;2;4096;376832;","
CZ3328JVHT;2;4096;376832;","
CZ34122RLX;4;8192;442368;","
CZ34122RMX;2;4096;81920;","
CZJ35106CF;4;4096;163840;","
06ZDFF9;16;61440;4318208;","
CZ3328JVJ7;4;8192;32768;","
CZ3328JVJ7;4;16384;256000;","
CZ3328JVJ7;4;8192;153600;","
FCH213973ZK;4;8192;317440;","
FCH21377JS2;4;16384;276263;","
FCH213976U1;4;16384;276263;","
FCH212675BL;4;16384;276263;","
FCH213976B1;4;16384;276263;","
FCH21377JVV;1;1024;276263;","
CZ25390H5D;2;4096;122880;","
CZ25390H5D;2;4096;122880;","
CZ25390H5D;2;4096;122880;","
CZ25390H5D;4;22528;225280;","
CZ25390H5K;4;22528;225280;","
CZJ2511H1L;2;4096;253952;","
CZ34122RLS;2;4096;253952;","
CZ34122RLS;2;4096;141312;","
CZ34122RMX;8;16384;598016;","
FCH213976C4;1;1024;276263;","
CZJ35106CF;16;65536;1228800;","
CZJ35106CC;1;2048;253952;","
CZJ450098W;8;32768;53639004;","
CZ23510BG3;4;8192;239616;","
CZ34122RM0;4;8192;239616;","
CZ3328JVJF;2;4096;141312;","
CZ3325HKC5;2;4096;141312;","
CZ3328JVJ3;2;4096;192512;","
06M4091;4;8192;192512;","
CZ3328JVJF;8;16384;598016;","
CZ3328JVJF;8;16384;598016;","
CZ3328JVJB;8;16384;598016;","
CZ3328JVJB;8;16384;598016;","
689038;2;8192;397312;","
CZ34122RLH;2;6144;184320;","
CZ34122RLS;2;6144;184320;","
FCH23047B9W;6;12288;1466368;","
FCH23047B9W;6;12288;1466368;","
FCH23047B9W;6;12288;1466368;","
FCH230570V0;4;8192;40960;","
FCH230475P7;4;16384;276263;","
FCH230570V0;4;16384;276263;","
FCH230570ZL;1;1024;276263;","
FCH23047B9W;4;16384;276263;","
FCH230571K2;4;16384;276263;","
FCH23047BUK;1;1024;276263;","
FCH23047B9W;2;4096;430080;","
FCH23047B9W;2;6144;122880;","
FCH23047B9W;2;6144;122880;","
FCH23047B9W;4;16384;225280;","
FCH23047B9W;4;16384;225280;","
FCH23047B9W;4;16384;225280;","
FCH23047B9W;8;32768;634880;","
FCH23047B9W;8;32768;634880;","
FCH23047B9W;8;32768;634880;","
FCH23047B9W;2;4096;122880;","
FCH23047B9W;2;4096;122880;","
FCH23047B9W;2;4096;122880;","
FCH23047B9W;6;32768;225280;","
FCH23047B9W;6;32768;225280;","
FCH23047B9W;6;32768;225280;","
FCH23047B9W;2;4096;253952;","
FCH23047B9W;4;8192;942080;","
FCH23047B9W;4;8192;942080;","
FCH23047B9W;4;8192;942080;","
FCH23047B9W;4;8192;942080;","
FCH21377JS2;4;16384;143360;","
CZ3325HKBW;16;98304;1057792;","
CZ3325HKBW;16;32768;1057792;","
FCH21377JS2;8;16384;516096;","
FCH213973ZK;4;16384;143360;","
CZJ2511H1R;1;2048;143360;","
FCH230475P7;4;8192;339968;","
FCH230570V0;4;8192;339968;","
FCH230570V0;8;16384;3363840;","
FCH230475P7;8;16384;501760;","
06M4100;8;16384;684032;","
FCH230570V0;16;65536;253952;","
FCH21377JS2;8;16384;315392;","
FCH21377JS2;8;16384;253952;","
FCH21377JS2;8;49152;540672;","
689034;4;16384;174080;","
689031;4;16384;276480;","
FCH230570ZL;16;57344;65923072;","
FCH212675BL;6;16384;65536;","
FCH23047BUK;6;16384;65536;","
FCH213976U1;4;16384;522240;","
FCH230475P7;4;16384;522240;","
FCH212675BL;4;8192;235520;","
FCH213973ZK;28;786160;0;","
FCH21377JS2;28;786161;0;","
FCH213976U1;28;786161;0;","
FCH213976C4;28;786161;0;","
FCH212675BL;28;786160;0;","
FCH213976B1;28;786160;0;","
FCH21377JVV;28;786161;0;","
FCH2305712W;32;653983;0;","
FCH230475NX;32;653983;0;","
FCH230475P7;32;653983;0;","
FCH230570V0;32;653983;0;","
FCH230570ZL;32;653983;0;","
FCH23047B46;32;653983;0;","
FCH23047B9W;32;653983;0;","
FCH230571K2;32;653983;0;","
FCH23047BUK;32;523935;0;","
FCH230571K2;8;49152;540672;","
FCH23047B46;8;49152;540672;","
FCH23047BUK;8;32768;53635072;","
FCH230571K2;8;32768;53635072;","
FCH230570ZL;16;57344;53635072;","
FCH230570ZL;16;57344;53635072;","
KQ6R2NP;16;196421;0;","
KQ6R2NL;16;196421;0;","
06DD1DP;1;12288;614400;","
06DD1DP;1;8192;870400;","
06DD1DP;1;4096;307200;","
06DD1DP;1;8192;307200;","
06DD1DP;1;8192;614400;","
06DD1DP;1;12288;229376;","
06DD1DP;4;24576;887808;","
06DD1DP;1;8192;614400;","
06DD1DP;1;8192;219136;","
FCH21377JS2;8;16384;618496;","
FCH213976U1;8;16384;618496;","
FCH213976C4;8;16384;618496;","
FCH213976U1;8;16384;618496;","
FCH21377JS2;8;16384;618496;","
FCH23047BUK;6;32768;225280;","
FCH23047BUK;6;32768;225280;","
FCH23047BUK;6;32768;225280;","
FCH213976U1;16;98304;544768;","
FCH213976U1;8;16384;628736;","
FCH21377JS2;16;32768;1169408;","
FCH23047B46;8;16384;679936;","
FCH230475P7;8;16384;679936;","
FCH213976C4;8;16384;679936;","
FCH213976B1;6;12288;1269760;","
FCH213976B1;6;12288;1269760;","
FCH213976B1;6;12288;1269760;","
FCH212675BL;6;24576;327680;","
FCH213976B1;6;24576;327680;","
FCH213976B1;6;24576;327680;","
FCH23047BUK;6;24576;327680;","
FCH23047B9W;6;24576;327680;","
FCH230571K2;6;24576;327680;","
FCH23047B46;4;16384;595968;","
FCH230570ZL;8;16384;765952;","
FCH23047B46;8;16384;526336;","
FCH23047B46;8;16384;772096;","
FCH230475P7;4;8192;360448;","
FCH213976C4;16;32768;1169408;","
FCH21377JS2;8;32768;53635072;","
FCH230475P7;8;16384;253952;","
FCH230570ZL;8;16384;253952;","
FCH23047B46;16;32768;315392;","
FCH23047B46;8;16384;787456;","
FCH230475P7;4;16384;347136;","
FCH230475P7;2;4096;294912;","
FCH230570V0;1;4096;708608;","
FCH230570V0;4;8192;258048;","
FCH23047B46;4;8192;192512;","
FCH230570V0;4;16384;335872;","
FCH213976C4;8;32768;53635072;","
FCH230475P7;2;2048;81920;","
FCH230570ZL;2;2048;81920;","
FCH230570ZL;4;8192;16949165;","
FCH230570ZL;2;4096;3763712;","
FCH23047B46;2;4096;5914112;","
FCH23047B46;2;4096;3149312;","
FCH23047B46;2;4096;3149312;","
FCH213976C4;4;8192;387072;","
FCH213976C4;4;8192;202752;","
FCH213973ZK;4;8192;294912;","
FCH213976U1;4;8192;294912;","
FCH213976C4;4;8192;294912;","
FCH230570ZL;4;8192;202752;","
FCH213976C4;16;57344;53635072;","
FCH21377JS2;16;57344;53635072;","
FCH213973ZK;4;8192;202752;","
FCH213976U1;16;57344;53635072;","
FCH21377JS2;16;57344;53635072;","
FCH213976B1;4;8192;151552;","
FCH23047B9W;4;8192;151552;","
FCH213973ZK;4;8192;151552;","
FCH230570V0;4;8192;151552;","
FCH213973ZK;16;57344;53635072;","
FCH21377JS2;8;16384;346112;","
FCH230475P7;4;8192;202752;","
FCH230570ZL;4;8192;294912;","
FCH230570ZL;4;8192;243712;","
FCH213976U1;4;8192;26624;","
CZJ2511H1L;8;16384;346112;","
CZ34122RMS;8;16384;468992;","
CZJ2511H1L;8;16384;253952;","
FCH230570ZL;4;8192;253952;","
FCH230570V0;4;8192;253952;","
FCH23047B46;4;8192;253952;","
FCH23047B46;8;16384;2369536;","
FCH230570V0;8;16384;311296;","
FCH23047BUK;2;4096;141312;","
FCH230571K2;2;4096;141312;","
FCH212675BL;2;4096;141312;","
FCH212675BL;2;4096;141312;","
FCH212675BL;4;12288;346112;","
FCH212675BL;4;12288;346112;","
FCH230570V0;4;16384;572416;","
FCH23047B46;4;16384;448512;","
FCH230570V0;4;8192;2416640;","
FCH213976U1;4;8192;2416640;","
FCH23047B46;2;4096;243712;","
FCH213976C4;4;16384;613376;","
FCH230570ZL;4;16384;613376;","
FCH213973ZK;4;12288;20480;","
FCH212675BL;4;12288;20480;","
FCH21377JVV;4;8192;26624;","
FCH230475P7;4;12288;20480;","
FCH230570ZL;4;8192;26624;","
FCH230571K2;4;12288;20480;","
FCH23047BUK;4;8192;26624;","
FCH230570ZL;4;16384;122880;","
FCH23047B9W;4;16384;122880;","
FCH213973ZK;4;32768;253952;","
FCH230570ZL;4;16384;253952;","
FCH230475P7;4;16384;253952;","
FCH213976C4;4;8192;253952;","
FCH23047B46;8;16384;581632;","
FCH230475P7;8;16384;581632;","
FCH213973ZK;8;16384;581632;","
FCH213973ZK;8;16384;581632;","
FCH213973ZK;4;8192;429056;","
FCH213976C4;4;8192;429056;","
FCH23047B46;4;8192;429056;","
FCH23047B46;4;8192;429056;","
FCH213973ZK;8;16384;335872;","
FCH213976C4;8;16384;335872;","
FCH230475P7;8;16384;335872;","
FCH23047B46;8;16384;335872;","
FCH23047B46;4;12288;264192;","
FCH230570ZL;4;16384;438272;","
FCH230570ZL;4;8192;234496;","
FCH213976C4;4;32768;756736;","
FCH213976C4;4;32768;756736;","
FCH230570ZL;4;16384;367616;","
FCH23047B46;4;16384;367616;","
FCH23047B46;2;4096;274432;","
FCH230570ZL;4;32768;756736;","
FCH230570ZL;4;32768;756736;","
FCH23047B46;4;8192;243712;","
FCH213976C4;4;8192;243712;","
CZ34122RLX;2;8192;131072;","
FCH230570V0;4;8192;122880;","
FCH230570ZL;8;16384;407552;","
FCH213976U1;8;16384;407552;","
FCH230570ZL;4;8192;428032;","
FCH230475P7;4;8192;438272;","
FCH230570V0;8;16384;572416;","
FCH230475P7;8;16384;438272;","
FCH212675BL;16;262144;1302528;","
FCH213976B1;16;262144;1302528;","
FCH21377JVV;16;262144;1302528;","
06ECE0P;1;12288;0;","
06M4094;4;131049;0;","
689029;4;131049;0;","
10A06E2;6;65536;62914560;","
10A06E2;2;32768;1259520;","
06ECE0P;1;12288;890880;","
10A06E2;1;8192;301056;","
10A06E2;1;8192;690176;","
10A06E2;2;32768;2983936;","
06ECE0P;1;12288;1284096;","
10A06E2;2;32768;3844096;","
06ECE0P;1;12288;1888256;","
FCH230571K2;4;8192;151552;","
FCH213976C4;4;8192;335872;","
FCH230475P7;4;8192;335872;","
FCH212675BL;4;16384;202752;","
FCH230570ZL;2;4096;294912;","
FCH21377JS2;2;4096;294912;","
FCH213973ZK;4;12288;284672;","
CZ34122RMH;4;8192;163840;","
FCH213973ZK;2;4096;131072;","
FCH213976U1;4;32768;1179648;","
FCH213973ZK;8;8192;348160;","
FCH23047B46;4;16384;122880;","
FCH213976C4;4;16384;122880;","
6540C5P;4;65536;0;","
6540C5P;2;32768;1888256;","
6540C5P;1;8192;403456;","
6540C5P;2;32768;143360;","
6540C5P;2;32768;92160;","
FCH230570V0;2;4096;182272;","
FCH213976U1;8;8192;614400;","
FCH213976U1;8;8192;614400;","
FCH213976C4;16;32768;274432;","
FCH213973ZK;8;8192;274432;","
FCH213976C4;8;8192;274432;","
FCH230570ZL;8;8192;274432;","
FCH213973ZK;16;65536;2200576;","
FCH23047B46;16;65536;2200576;","
FCH213973ZK;16;65536;275456;","
FCH23047B46;16;65536;275456;","
FCH230570ZL;4;12288;233472;","
FCH230475P7;4;16384;2258944;","
CZ34122RMS;1;4096;112640;","
CZ34122RMA;1;4096;112640;","
CZ3328JVHT;1;4096;112640;","
CZ3325HKC1;1;4096;112640;","
FCH213976C4;4;8192;233472;","
FCH21377JS2;4;16384;151552;","
FCH213973ZK;1;2048;86016;","
FCH213973ZK;1;2048;86016;","
FCH213976B1;2;16384;1054720;","
FCH230475P7;4;16384;305152;","
FCH23047B46;4;16384;151552;","
FCH230475P7;4;8192;431104;","
FCH230475P7;4;16384;253952;","
FCH23047B46;4;8192;253952;","
06ZDFG5;1;2048;163826;","
FCH213976A8;8;16384;1306624;","
FCH213976C4;4;8192;81920;","
FCH213973ZK;8;16384;755712;","
FCH213976A8;8;16384;755712;","
FCH213976U1;8;16384;755712;","
FCH213976U1;8;16384;755712;","
FCH213976A8;8;16384;407552;","
FCH213976A8;2;4096;202752;","
FCH213973ZK;8;16384;479232;","
FCH213976C4;8;16384;458752;","
FCH213976U1;8;16384;572416;","
FCH213973ZK;2;4096;315392;","
FCH213976B1;4;8192;81920;","
FCH212675BL;4;8192;925696;","
FCH212675BL;2;4096;282624;","
FCH23047B46;4;8192;81920;","
FCH230570ZL;16;16384;284672;","
FCH230570V0;16;16384;284672;","
FCH230570ZL;8;16384;431104;","
FCH230475P7;16;32768;1200128;","
FCH230475P7;8;16384;305152;","
FCH230475P7;8;16384;2258944;","
FCH230570V0;8;16384;755712;","
FCH23047B46;8;16384;755712;","
FCH230570V0;8;16384;755712;","
FCH230475P7;8;16384;755712;","
FCH23047B46;8;16384;407552;","
FCH23047B46;4;8192;428032;","
FCH230570ZL;8;16384;479232;","
FCH230570ZL;8;16384;458752;","
FCH230570ZL;8;16384;572416;","
FCH23047B46;2;4096;315392;","
FCH23047BUK;2;8192;102400;","
FCH230571K2;4;8192;81920;","
